Area_Name,prek_need,infant_toddler_need,Total_Need,prek_slots,infant_toddler_slots,Total_Slots,IT_Estimated Need Met,Total_Estimated_Need Met,PK_Estimated Need Met,Income Level
999,424,47,471,424,47,471,100,100,100,200%+ Federal Poverty Level
999,297,89,386,297,89,386,100,100,100,<200% Federal Poverty Level
999,721,136,857,721,136,857,100,100,100,All
98001,411,492,903,258,96,354,20,63,39,200%+ Federal Poverty Level
98001,381,370,751,314,135,449,36,82,60,<200% Federal Poverty Level
98001,792,862,1654,572,231,803,27,72,49,All
98002,417,549,966,127,33,160,6,30,17,200%+ Federal Poverty Level
98002,265,338,603,138,58,196,17,52,33,<200% Federal Poverty Level
98002,682,887,1569,265,91,356,10,39,23,All
98003,602,766,1368,262,101,363,13,44,27,200%+ Federal Poverty Level
98003,511,677,1188,236,117,353,17,46,30,<200% Federal Poverty Level
98003,1113,1443,2556,498,218,716,15,45,28,All
98004,668,729,1397,560,226,786,31,84,56,200%+ Federal Poverty Level
98004,35,15,50,35,14,49,93,100,98,<200% Federal Poverty Level
98004,703,744,1447,595,240,835,32,85,58,All
98005,547,523,1070,547,205,752,39,100,70,200%+ Federal Poverty Level
98005,42,39,81,39,15,54,38,93,67,<200% Federal Poverty Level
98005,589,562,1151,586,220,806,39,99,70,All
98006,557,712,1269,287,137,424,19,52,33,200%+ Federal Poverty Level
98006,48,37,85,36,14,50,38,75,59,<200% Federal Poverty Level
98006,605,749,1354,323,151,474,20,53,35,All
98007,600,760,1360,326,150,476,20,54,35,200%+ Federal Poverty Level
98007,107,129,236,59,10,69,8,55,29,<200% Federal Poverty Level
98007,707,889,1596,385,160,545,18,54,34,All
98008,427,478,905,342,128,470,27,80,52,200%+ Federal Poverty Level
98008,80,93,173,48,13,61,14,60,35,<200% Federal Poverty Level
98008,506,571,1077,390,141,531,25,77,49,All
98010,91,122,213,23,,29,,25,14,200%+ Federal Poverty Level
98010,,,,,,,,,,<200% Federal Poverty Level
98010,93,125,218,25,,32,,27,15,All
98011,582,733,1315,344,175,519,24,59,39,200%+ Federal Poverty Level
98011,112,150,262,45,25,70,17,40,27,<200% Federal Poverty Level
98011,694,883,1577,389,200,589,23,56,37,All
98012,1377,1851,3228,388,170,558,9,28,17,200%+ Federal Poverty Level
98012,162,219,381,99,55,154,25,61,40,<200% Federal Poverty Level
98012,1539,2071,3610,487,225,712,11,32,20,All
98014,108,115,223,91,,98,,84,44,200%+ Federal Poverty Level
98014,16,,23,13,,13,,81,57,<200% Federal Poverty Level
98014,124,122,246,104,,111,,84,45,All
98019,258,348,606,66,25,91,7,26,15,200%+ Federal Poverty Level
98019,17,25,,,,,,,,<200% Federal Poverty Level
98019,275,373,648,68,25,93,7,25,14,All
98020,243,296,539,138,56,194,19,57,36,200%+ Federal Poverty Level
98020,34,14,48,34,14,48,100,100,100,<200% Federal Poverty Level
98020,277,310,587,172,70,242,23,62,41,All
98021,670,865,1535,342,186,528,22,51,34,200%+ Federal Poverty Level
98021,71,86,157,46,19,65,22,65,41,<200% Federal Poverty Level
98021,741,951,1692,388,205,593,22,52,35,All
98022,164,196,360,99,26,125,13,60,35,200%+ Federal Poverty Level
98022,152,185,337,106,39,145,21,70,43,<200% Federal Poverty Level
98022,316,381,697,205,65,270,17,65,39,All
98023,559,736,1295,185,76,261,10,33,20,200%+ Federal Poverty Level
98023,404,518,922,233,93,326,18,58,35,<200% Federal Poverty Level
98023,963,1254,2217,418,169,587,13,43,26,All
98024,136,181,317,49,28,77,15,36,24,200%+ Federal Poverty Level
98024,,,,,,,,,,<200% Federal Poverty Level
98024,144,191,335,53,28,81,15,37,24,All
98026,570,736,1306,258,119,377,16,45,29,200%+ Federal Poverty Level
98026,123,106,229,92,46,138,43,75,60,<200% Federal Poverty Level
98026,693,842,1535,350,165,515,20,51,34,All
98027,510,602,1112,377,161,538,27,74,48,200%+ Federal Poverty Level
98027,120,158,278,46,11,57,7,38,21,<200% Federal Poverty Level
98027,630,760,1390,423,172,595,23,67,43,All
98028,450,593,1043,172,84,256,14,38,25,200%+ Federal Poverty Level
98028,51,58,109,36,17,53,29,71,49,<200% Federal Poverty Level
98028,500,650,1150,208,101,309,16,42,27,All
98029,664,898,1562,200,112,312,12,30,20,200%+ Federal Poverty Level
98029,62,86,148,10,,18,,16,12,<200% Federal Poverty Level
98029,725,984,1709,210,120,330,12,29,19,All
98030,342,445,787,129,54,183,12,38,23,200%+ Federal Poverty Level
98030,398,514,912,221,114,335,22,56,37,<200% Federal Poverty Level
98030,740,959,1699,350,168,518,18,47,30,All
98031,488,646,1134,147,53,200,8,30,18,200%+ Federal Poverty Level
98031,277,377,654,178,125,303,33,64,46,<200% Federal Poverty Level
98031,766,1023,1789,325,178,503,17,42,28,All
98032,368,431,799,263,103,366,24,71,46,200%+ Federal Poverty Level
98032,410,447,857,349,207,556,46,85,65,<200% Federal Poverty Level
98032,778,879,1657,612,310,922,35,79,56,All
98033,807,1000,1807,487,198,685,20,60,38,200%+ Federal Poverty Level
98033,68,65,133,50,22,72,34,74,54,<200% Federal Poverty Level
98033,875,1065,1940,537,220,757,21,61,39,All
98034,836,1078,1914,346,117,463,11,41,24,200%+ Federal Poverty Level
98034,60,59,119,59,25,84,42,98,71,<200% Federal Poverty Level
98034,896,1138,2034,405,142,547,12,45,27,All
98036,683,845,1528,405,168,573,20,59,38,200%+ Federal Poverty Level
98036,150,164,314,118,60,178,37,79,57,<200% Federal Poverty Level
98036,833,1009,1842,523,228,751,23,63,41,All
98037,408,521,929,188,70,258,13,46,28,200%+ Federal Poverty Level
98037,155,207,362,64,36,100,17,41,28,<200% Federal Poverty Level
98037,563,728,1291,252,106,358,15,45,28,All
98038,655,896,1551,138,61,199,7,21,13,200%+ Federal Poverty Level
98038,68,88,156,37,18,55,20,54,35,<200% Federal Poverty Level
98038,723,984,1707,175,79,254,8,24,15,All
98039,184,80,264,184,69,253,86,100,96,200%+ Federal Poverty Level
98039,,,15,,,15,,,100,<200% Federal Poverty Level
98039,193,86,279,193,75,268,87,100,96,All
98040,419,409,828,398,191,589,47,95,71,200%+ Federal Poverty Level
98040,106,57,163,106,36,142,63,100,87,<200% Federal Poverty Level
98040,525,466,991,504,227,731,49,96,74,All
98042,631,810,1441,298,144,442,18,47,31,200%+ Federal Poverty Level
98042,350,287,637,299,144,443,50,85,70,<200% Federal Poverty Level
98042,981,1096,2077,597,288,885,26,61,43,All
98043,285,360,645,141,57,198,16,49,31,200%+ Federal Poverty Level
98043,102,97,199,63,20,83,21,62,42,<200% Federal Poverty Level
98043,386,457,843,204,77,281,17,53,33,All
98045,225,305,530,55,24,79,8,24,15,200%+ Federal Poverty Level
98045,42,46,88,27,,30,,64,34,<200% Federal Poverty Level
98045,267,351,618,82,27,109,8,31,18,All
98047,117,158,275,28,21,49,13,24,18,200%+ Federal Poverty Level
98047,54,78,132,14,12,26,15,26,20,<200% Federal Poverty Level
98047,171,236,407,42,33,75,14,25,18,All
98050,,,14,,,14,,,100,200%+ Federal Poverty Level
98050,,,,,,,,,,<200% Federal Poverty Level
98050,,,15,,,15,,,100,All
98051,82,109,191,26,11,37,10,32,19,200%+ Federal Poverty Level
98051,17,21,38,,,11,,,29,<200% Federal Poverty Level
98051,99,130,229,32,16,48,12,32,21,All
98052,1463,1832,3295,851,383,1234,21,58,37,200%+ Federal Poverty Level
98052,75,83,158,68,51,119,61,91,75,<200% Federal Poverty Level
98052,1538,1915,3453,919,434,1353,23,60,39,All
98053,479,544,1023,406,173,579,32,85,57,200%+ Federal Poverty Level
98053,36,25,61,32,,39,,89,64,<200% Federal Poverty Level
98053,515,569,1084,438,180,618,32,85,57,All
98055,381,516,897,105,60,165,12,28,18,200%+ Federal Poverty Level
98055,113,142,255,77,65,142,46,68,56,<200% Federal Poverty Level
98055,493,658,1151,182,125,307,19,37,27,All
98056,492,646,1138,179,70,249,11,36,22,200%+ Federal Poverty Level
98056,182,192,374,120,32,152,17,66,41,<200% Federal Poverty Level
98056,674,838,1512,299,102,401,12,44,27,All
98057,147,154,301,130,74,204,48,88,68,200%+ Federal Poverty Level
98057,166,217,383,86,39,125,18,52,33,<200% Federal Poverty Level
98057,313,370,683,216,113,329,31,69,48,All
98058,687,909,1596,217,86,303,9,32,19,200%+ Federal Poverty Level
98058,170,233,403,100,69,169,30,59,42,<200% Federal Poverty Level
98058,857,1142,1999,317,155,472,14,37,24,All
98059,717,972,1689,195,103,298,11,27,18,200%+ Federal Poverty Level
98059,148,126,274,105,34,139,27,71,51,<200% Federal Poverty Level
98059,865,1098,1963,300,137,437,12,35,22,All
98065,395,522,917,154,81,235,16,39,26,200%+ Federal Poverty Level
98065,20,25,45,13,,15,,65,33,<200% Federal Poverty Level
98065,415,546,961,167,83,250,15,40,26,All
98068,,,,,,,,,,200%+ Federal Poverty Level
98068,,,,,,,,,,<200% Federal Poverty Level
98068,,,,,,,,,,All
98070,56,72,128,17,,25,,30,20,200%+ Federal Poverty Level
98070,28,19,47,18,,20,,64,43,<200% Federal Poverty Level
98070,85,91,176,35,10,45,11,41,26,All
98072,578,730,1308,326,158,484,22,56,37,200%+ Federal Poverty Level
98072,43,53,96,38,34,72,64,88,75,<200% Federal Poverty Level
98072,621,782,1403,364,192,556,25,59,40,All
98074,625,804,1429,284,114,398,14,45,28,200%+ Federal Poverty Level
98074,14,17,31,11,,19,,79,61,<200% Federal Poverty Level
98074,639,821,1460,295,122,417,15,46,29,All
98075,395,485,880,258,130,388,27,65,44,200%+ Federal Poverty Level
98075,15,16,31,14,,21,,93,68,<200% Federal Poverty Level
98075,410,500,910,272,137,409,27,66,45,All
98077,230,318,548,57,43,100,14,25,18,200%+ Federal Poverty Level
98077,23,32,,,,,,,,<200% Federal Poverty Level
98077,253,349,602,60,44,104,13,24,17,All
98087,515,696,1211,155,90,245,13,30,20,200%+ Federal Poverty Level
98087,314,446,760,77,39,116,9,25,15,<200% Federal Poverty Level
98087,829,1142,1971,232,129,361,11,28,18,All
98092,740,982,1722,225,82,307,8,30,18,200%+ Federal Poverty Level
98092,337,376,713,258,105,363,28,77,51,<200% Federal Poverty Level
98092,1077,1358,2435,483,187,670,14,45,28,All
98101,105,69,174,105,52,157,75,100,90,200%+ Federal Poverty Level
98101,19,26,45,,,14,,,31,<200% Federal Poverty Level
98101,124,95,219,114,57,171,60,92,78,All
98238,,,,,,,,,,All
98102,265,340,605,110,59,169,17,42,28,200%+ Federal Poverty Level
98102,43,62,105,,,11,,,10,<200% Federal Poverty Level
98102,308,401,709,119,61,180,15,39,25,All
98103,758,948,1706,436,183,619,19,58,36,200%+ Federal Poverty Level
98103,100,141,241,26,12,38,9,26,16,<200% Federal Poverty Level
98103,858,1089,1947,462,195,657,18,54,34,All
98104,131,75,206,129,61,190,81,98,92,200%+ Federal Poverty Level
98104,20,16,36,20,13,33,81,100,92,<200% Federal Poverty Level
98104,151,91,242,149,74,223,81,99,92,All
98105,495,538,1033,432,174,606,32,87,59,200%+ Federal Poverty Level
98105,60,85,145,16,10,26,12,27,18,<200% Federal Poverty Level
98105,555,623,1178,448,184,632,30,81,54,All
98106,366,414,780,303,100,403,24,83,52,200%+ Federal Poverty Level
98106,206,199,405,183,58,241,29,89,60,<200% Federal Poverty Level
98106,572,614,1186,486,158,644,26,85,54,All
98107,410,542,952,138,52,190,10,34,20,200%+ Federal Poverty Level
98107,,13,,,,,,,,<200% Federal Poverty Level
98107,419,554,973,141,54,195,10,34,20,All
98108,388,309,697,388,157,545,51,100,78,200%+ Federal Poverty Level
98108,351,325,676,338,121,459,37,96,68,<200% Federal Poverty Level
98108,739,634,1373,726,278,1004,44,98,73,All
98109,381,431,812,309,152,461,35,81,57,200%+ Federal Poverty Level
98109,11,,19,11,,16,,100,84,<200% Federal Poverty Level
98109,392,438,830,320,157,477,36,82,57,All
98110,329,442,771,104,57,161,13,32,21,200%+ Federal Poverty Level
98110,45,31,76,31,13,44,42,69,58,<200% Federal Poverty Level
98110,374,473,847,135,70,205,15,36,24,All
98112,413,497,910,251,113,364,23,61,40,200%+ Federal Poverty Level
98112,41,45,86,28,10,38,22,68,44,<200% Federal Poverty Level
98112,454,542,996,279,123,402,23,61,40,All
98115,878,1124,2002,407,159,566,14,46,28,200%+ Federal Poverty Level
98115,62,66,128,56,24,80,36,90,63,<200% Federal Poverty Level
98115,940,1190,2130,463,183,646,15,49,30,All
98116,381,521,902,82,39,121,7,22,13,200%+ Federal Poverty Level
98116,25,20,45,18,,26,,72,58,<200% Federal Poverty Level
98116,406,541,947,100,47,147,9,25,16,All
98117,760,1019,1779,215,76,291,7,28,16,200%+ Federal Poverty Level
98117,48,67,115,,,13,,,11,<200% Federal Poverty Level
98117,808,1086,1894,224,80,304,7,28,16,All
98118,485,566,1051,350,118,468,21,72,45,200%+ Federal Poverty Level
98118,479,606,1085,288,130,418,21,60,39,<200% Federal Poverty Level
98118,964,1172,2136,638,248,886,21,66,41,All
98119,360,460,820,195,102,297,22,54,36,200%+ Federal Poverty Level
98119,26,37,63,,,10,,,16,<200% Federal Poverty Level
98119,386,497,883,202,105,307,21,52,35,All
98121,148,194,342,57,32,89,16,39,26,200%+ Federal Poverty Level
98121,,,,,,,,,,<200% Federal Poverty Level
98121,155,203,358,61,35,96,17,39,27,All
98122,286,321,607,255,95,350,30,89,58,200%+ Federal Poverty Level
98122,95,129,224,38,19,57,15,40,25,<200% Federal Poverty Level
98122,381,450,831,293,114,407,25,77,49,All
98125,564,731,1295,251,115,366,16,45,28,200%+ Federal Poverty Level
98125,184,245,429,66,16,82,7,36,19,<200% Federal Poverty Level
98125,748,976,1724,317,131,448,13,42,26,All
98126,392,481,873,218,72,290,15,56,33,200%+ Federal Poverty Level
98126,171,189,360,125,38,163,20,73,45,<200% Federal Poverty Level
98126,564,669,1233,343,110,453,16,61,37,All
98133,724,928,1652,305,97,402,10,42,24,200%+ Federal Poverty Level
98133,183,228,411,112,28,140,12,61,34,<200% Federal Poverty Level
98133,907,1156,2063,417,125,542,11,46,26,All
98134,265,109,374,265,109,374,100,100,100,200%+ Federal Poverty Level
98134,92,26,118,92,26,118,100,100,100,<200% Federal Poverty Level
98134,357,135,492,357,135,492,100,100,100,All
98136,330,431,761,115,34,149,8,35,20,200%+ Federal Poverty Level
98136,51,27,78,44,,53,,86,68,<200% Federal Poverty Level
98136,381,458,839,159,43,202,9,42,24,All
98144,428,518,946,293,128,421,25,68,45,200%+ Federal Poverty Level
98144,163,206,369,103,45,148,22,63,40,<200% Federal Poverty Level
98144,592,724,1316,396,173,569,24,67,43,All
98146,323,397,720,183,61,244,15,57,34,200%+ Federal Poverty Level
98146,277,334,611,180,67,247,20,65,40,<200% Federal Poverty Level
98146,600,731,1331,363,128,491,18,61,37,All
98148,142,179,321,85,51,136,28,60,42,200%+ Federal Poverty Level
98148,143,192,335,85,48,133,25,59,40,<200% Federal Poverty Level
98148,285,371,656,170,99,269,27,60,41,All
98154,,,,,,,,,,200%+ Federal Poverty Level
98154,,,,,,,,,,<200% Federal Poverty Level
98154,,,,,,,,,,All
98155,514,666,1180,226,107,333,16,44,28,200%+ Federal Poverty Level
98155,143,178,321,79,28,107,16,55,33,<200% Federal Poverty Level
98155,657,845,1502,305,135,440,16,46,29,All
98158,31,15,46,31,15,46,100,100,100,200%+ Federal Poverty Level
98158,44,22,66,44,22,66,100,100,100,<200% Federal Poverty Level
98158,75,37,112,75,37,112,100,100,100,All
98164,,,,,,,,,,200%+ Federal Poverty Level
98164,,,,,,,,,,<200% Federal Poverty Level
98164,,,,,,,,,,All
98166,358,469,827,145,70,215,15,41,26,200%+ Federal Poverty Level
98166,129,120,249,129,89,218,74,100,88,<200% Federal Poverty Level
98166,487,589,1076,274,159,433,27,56,40,All
98168,350,417,767,241,95,336,23,69,44,200%+ Federal Poverty Level
98168,395,439,834,339,137,476,31,86,57,<200% Federal Poverty Level
98168,745,856,1601,580,232,812,27,78,51,All
98174,,,,,,,,,,200%+ Federal Poverty Level
98174,,,,,,,,,,<200% Federal Poverty Level
98174,,,,,,,,,,All
98177,321,383,704,190,74,264,19,59,38,200%+ Federal Poverty Level
98177,52,16,68,52,16,68,100,100,100,<200% Federal Poverty Level
98177,373,399,772,242,90,332,23,65,43,All
98178,286,371,657,114,42,156,11,40,24,200%+ Federal Poverty Level
98178,212,263,475,125,51,176,19,59,37,<200% Federal Poverty Level
98178,498,634,1132,239,93,332,15,48,29,All
98188,305,372,677,169,52,221,14,55,33,200%+ Federal Poverty Level
98188,250,222,472,210,97,307,44,84,65,<200% Federal Poverty Level
98188,555,594,1149,379,149,528,25,68,46,All
98195,11,,14,11,,14,,100,100,200%+ Federal Poverty Level
98195,,,,,,,,,,<200% Federal Poverty Level
98195,12,,15,12,,15,,100,100,All
98198,381,489,870,157,57,214,12,41,25,200%+ Federal Poverty Level
98198,266,349,615,171,100,271,29,64,44,<200% Federal Poverty Level
98198,647,838,1485,328,157,485,19,51,33,All
98199,405,524,929,164,53,217,10,40,23,200%+ Federal Poverty Level
98199,10,15,,,,,,,,<200% Federal Poverty Level
98199,415,539,954,168,58,226,11,40,24,All
98264,427,574,1001,85,,90,,20,9,All
98201,315,432,747,50,15,65,3,16,9,200%+ Federal Poverty Level
98201,230,152,382,193,34,227,22,84,59,<200% Federal Poverty Level
98201,545,584,1129,243,49,292,8,45,26,All
98203,400,532,932,127,57,184,11,32,20,200%+ Federal Poverty Level
98203,275,325,600,167,77,244,24,61,41,<200% Federal Poverty Level
98203,675,857,1532,294,134,428,16,44,28,All
98204,525,669,1194,249,112,361,17,47,30,200%+ Federal Poverty Level
98204,375,476,851,186,85,271,18,50,32,<200% Federal Poverty Level
98204,900,1144,2044,435,197,632,17,48,31,All
98205,329,433,762,108,42,150,10,33,20,200%+ Federal Poverty Level
98205,151,67,218,145,27,172,40,96,79,<200% Federal Poverty Level
98205,480,500,980,253,69,322,14,53,33,All
98207,,,,,,,,,,200%+ Federal Poverty Level
98207,,,,,,,,,,<200% Federal Poverty Level
98207,,,,,,,,,,All
98208,918,1169,2087,449,198,647,17,49,31,200%+ Federal Poverty Level
98208,326,422,748,234,121,355,29,72,47,<200% Federal Poverty Level
98208,1244,1591,2835,683,319,1002,20,55,35,All
98220,,,,,,,,,,200%+ Federal Poverty Level
98220,,,,,,,,,,<200% Federal Poverty Level
98220,,,,,,,,,,All
98221,227,312,539,47,26,73,8,21,14,200%+ Federal Poverty Level
98221,106,127,233,57,12,69,9,54,30,<200% Federal Poverty Level
98221,333,440,773,104,38,142,9,31,18,All
98222,,,,,,,,,,200%+ Federal Poverty Level
98222,,,,,,,,,,<200% Federal Poverty Level
98222,,,,,,,,,,All
98223,542,734,1276,132,64,196,9,24,15,200%+ Federal Poverty Level
98223,214,162,376,175,52,227,32,82,60,<200% Federal Poverty Level
98223,756,896,1652,307,116,423,13,41,26,All
98224,,,,,,,,,,200%+ Federal Poverty Level
98224,,,,,,,,,,<200% Federal Poverty Level
98224,,,,,,,,,,All
98225,402,480,882,264,102,366,21,66,41,200%+ Federal Poverty Level
98225,175,210,385,128,60,188,29,73,49,<200% Federal Poverty Level
98225,576,690,1266,392,162,554,23,68,44,All
98226,530,638,1168,302,83,385,13,57,33,200%+ Federal Poverty Level
98226,398,409,807,300,89,389,22,75,48,<200% Federal Poverty Level
98226,927,1047,1974,602,172,774,16,65,39,All
98229,339,435,774,137,47,184,11,40,24,200%+ Federal Poverty Level
98229,124,128,252,61,28,89,22,49,35,<200% Federal Poverty Level
98229,462,562,1024,198,75,273,13,43,27,All
98230,184,250,434,44,23,67,9,24,15,200%+ Federal Poverty Level
98230,76,100,176,37,27,64,27,49,36,<200% Federal Poverty Level
98230,259,349,608,81,50,131,14,31,22,All
98232,32,46,,,,,,,,200%+ Federal Poverty Level
98232,11,13,,,,,,,,<200% Federal Poverty Level
98232,42,58,,,,,,,,All
98233,135,164,299,87,40,127,24,64,42,200%+ Federal Poverty Level
98233,124,108,232,116,33,149,31,94,64,<200% Federal Poverty Level
98233,259,272,531,203,73,276,27,78,52,All
98235,,,,,,,,,,200%+ Federal Poverty Level
98235,,,,,,,,,,<200% Federal Poverty Level
98235,,,,,,,,,,All
98236,54,75,,,,,,,,200%+ Federal Poverty Level
98236,,12,,,,,,,,<200% Federal Poverty Level
98236,63,87,,,,,,,,All
98237,45,62,107,11,,16,,24,15,200%+ Federal Poverty Level
98237,27,23,50,19,,19,,70,38,<200% Federal Poverty Level
98237,73,85,158,30,,35,,41,22,All
98238,,,,,,,,,,200%+ Federal Poverty Level
98238,,,,,,,,,,<200% Federal Poverty Level
98239,76,101,177,25,12,37,12,33,21,200%+ Federal Poverty Level
98239,31,22,53,26,,28,,84,53,<200% Federal Poverty Level
98239,107,123,230,51,14,65,11,48,28,All
98240,,,,,,,,,,200%+ Federal Poverty Level
98240,,,,,,,,,,<200% Federal Poverty Level
98240,37,53,,,,,,,,All
98241,20,16,36,20,10,30,63,100,83,200%+ Federal Poverty Level
98241,27,,35,24,,24,,89,69,<200% Federal Poverty Level
98241,47,24,71,44,10,54,42,94,76,All
98243,,,,,,,,,,200%+ Federal Poverty Level
98243,,,,,,,,,,<200% Federal Poverty Level
98243,,,,,,,,,,All
98244,28,19,47,25,,33,,89,70,200%+ Federal Poverty Level
98244,38,16,54,33,,34,,87,63,<200% Federal Poverty Level
98244,66,34,100,58,,67,,88,67,All
98245,15,19,,,,,,,,200%+ Federal Poverty Level
98245,31,20,51,24,,29,,77,57,<200% Federal Poverty Level
98245,46,38,84,29,,34,,63,40,All
98247,94,125,219,23,,28,,24,13,200%+ Federal Poverty Level
98247,117,147,264,59,,62,,50,23,<200% Federal Poverty Level
98247,211,273,484,82,,90,,39,19,All
98248,363,487,850,96,41,137,8,26,16,200%+ Federal Poverty Level
98248,175,169,344,118,32,150,19,67,44,<200% Federal Poverty Level
98248,538,656,1194,214,73,287,11,40,24,All
98249,,,,,,,,,,200%+ Federal Poverty Level
98249,,,,,,,,,,<200% Federal Poverty Level
98249,,,,,,,,,,All
98250,54,73,127,16,10,26,14,30,20,200%+ Federal Poverty Level
98250,19,23,42,14,,21,,74,50,<200% Federal Poverty Level
98250,73,95,168,30,17,47,18,41,28,All
98251,,,,,,,,,,200%+ Federal Poverty Level
98251,,,,,,,,,,<200% Federal Poverty Level
98251,,,,,,,,,,All
98252,95,127,222,33,22,55,17,35,25,200%+ Federal Poverty Level
98252,60,68,128,39,,45,,65,35,<200% Federal Poverty Level
98252,155,196,351,72,28,100,14,46,28,All
98253,23,32,,,,,,,,200%+ Federal Poverty Level
98253,,,,,,,,,,<200% Federal Poverty Level
98253,23,32,,,,,,,,All
98255,,,,,,,,,,200%+ Federal Poverty Level
98255,,,,,,,,,,<200% Federal Poverty Level
98255,,,,,,,,,,All
98256,,,,,,,,,,200%+ Federal Poverty Level
98256,,,,,,,,,,<200% Federal Poverty Level
98256,,,,,,,,,,All
98257,34,33,67,29,,33,,85,49,200%+ Federal Poverty Level
98257,11,15,,,,,,,,<200% Federal Poverty Level
98257,45,48,93,32,,41,,71,44,All
98258,571,777,1348,137,65,202,8,24,15,200%+ Federal Poverty Level
98258,123,144,267,100,16,116,11,81,43,<200% Federal Poverty Level
98258,694,921,1615,237,81,318,9,34,20,All
98260,59,44,103,55,19,74,43,93,72,200%+ Federal Poverty Level
98260,32,,37,32,,33,,100,89,<200% Federal Poverty Level
98260,91,49,140,87,20,107,41,96,76,All
98261,13,17,,,,,,,,200%+ Federal Poverty Level
98261,12,15,,,,,,,,<200% Federal Poverty Level
98261,25,32,,,,,,,,All
98262,,,,,,,,,,200%+ Federal Poverty Level
98262,,,,,,,,,,<200% Federal Poverty Level
98262,,11,,,,,,,,All
98263,,,,,,,,,,200%+ Federal Poverty Level
98263,,,,,,,,,,<200% Federal Poverty Level
98263,,,,,,,,,,All
98264,325,435,760,66,,70,,20,9,200%+ Federal Poverty Level
98264,102,138,240,19,,20,,19,8,<200% Federal Poverty Level
98266,40,41,81,30,,30,,75,37,200%+ Federal Poverty Level
98266,59,76,135,25,,25,,42,19,<200% Federal Poverty Level
98266,99,117,216,55,,55,,56,25,All
98267,,,,,,,,,,200%+ Federal Poverty Level
98267,,,,,,,,,,<200% Federal Poverty Level
98267,10,15,,,,,,,,All
98270,711,975,1686,122,43,165,4,17,10,200%+ Federal Poverty Level
98270,293,330,623,192,50,242,15,66,39,<200% Federal Poverty Level
98270,1004,1305,2309,314,93,407,7,31,18,All
98271,450,587,1037,169,71,240,12,38,23,200%+ Federal Poverty Level
98271,286,229,515,283,140,423,61,99,82,<200% Federal Poverty Level
98271,736,816,1552,452,211,663,26,61,43,All
98272,485,612,1097,215,62,277,10,44,25,200%+ Federal Poverty Level
98272,190,257,447,68,23,91,9,36,20,<200% Federal Poverty Level
98272,675,868,1543,283,85,368,10,42,24,All
98273,409,524,933,195,96,291,18,48,31,200%+ Federal Poverty Level
98273,341,306,647,311,158,469,52,91,72,<200% Federal Poverty Level
98273,750,830,1580,506,254,760,31,67,48,All
98274,198,263,461,70,37,107,14,35,23,200%+ Federal Poverty Level
98274,103,96,199,103,46,149,48,100,75,<200% Federal Poverty Level
98274,301,359,660,173,83,256,23,57,39,All
98275,253,276,529,166,53,219,19,66,41,200%+ Federal Poverty Level
98275,121,39,160,121,39,160,100,100,100,<200% Federal Poverty Level
98275,374,315,689,287,92,379,29,77,55,All
98276,,,,,,,,,,200%+ Federal Poverty Level
98276,,,,,,,,,,<200% Federal Poverty Level
98276,,,,,,,,,,All
98277,506,695,1201,88,31,119,4,17,10,200%+ Federal Poverty Level
98277,369,486,855,132,38,170,8,36,20,<200% Federal Poverty Level
98277,875,1181,2056,220,69,289,6,25,14,All
98278,,,,,,,,,,200%+ Federal Poverty Level
98278,19,,23,19,,23,,100,100,<200% Federal Poverty Level
98278,27,,31,27,,31,,100,100,All
98279,,,,,,,,,,200%+ Federal Poverty Level
98279,,,,,,,,,,<200% Federal Poverty Level
98279,,,,,,,,,,All
98280,,,,,,,,,,200%+ Federal Poverty Level
98280,,,,,,,,,,<200% Federal Poverty Level
98280,,,,,,,,,,All
98281,,,,,,,,,,200%+ Federal Poverty Level
98281,,,,,,,,,,<200% Federal Poverty Level
98281,,,,,,,,,,All
98282,110,152,262,19,,28,,17,11,200%+ Federal Poverty Level
98282,59,82,,,,,,,,<200% Federal Poverty Level
98282,169,234,403,24,,33,,14,8,All
98283,,,,,,,,,,200%+ Federal Poverty Level
98283,,,,,,,,,,<200% Federal Poverty Level
98283,,,,,,,,,,All
98284,315,426,741,77,32,109,8,24,15,200%+ Federal Poverty Level
98284,227,286,513,98,31,129,11,43,25,<200% Federal Poverty Level
98284,543,712,1255,175,63,238,9,32,19,All
98286,,,,,,,,,,200%+ Federal Poverty Level
98286,,,,,,,,,,<200% Federal Poverty Level
98286,14,,15,14,,14,,100,93,All
98288,,,,,,,,,,200%+ Federal Poverty Level
98288,,,,,,,,,,<200% Federal Poverty Level
98288,,,,,,,,,,All
98290,612,809,1421,205,86,291,11,33,20,200%+ Federal Poverty Level
98290,70,85,155,55,33,88,39,79,57,<200% Federal Poverty Level
98290,682,895,1577,260,119,379,13,38,24,All
98292,306,417,723,70,37,107,9,23,15,200%+ Federal Poverty Level
98292,85,103,188,55,23,78,22,65,41,<200% Federal Poverty Level
98292,391,521,912,125,60,185,12,32,20,All
99157,12,13,,,,,,,,All
98294,52,71,123,,,16,,,13,200%+ Federal Poverty Level
98294,34,15,49,28,,31,,82,63,<200% Federal Poverty Level
98294,86,86,172,37,10,47,12,43,27,All
98295,28,37,,,,,,,,200%+ Federal Poverty Level
98295,32,18,50,25,,29,,78,58,<200% Federal Poverty Level
98295,61,55,116,32,,36,,52,31,All
98296,536,719,1255,166,88,254,12,31,20,200%+ Federal Poverty Level
98296,33,46,79,17,13,30,28,52,38,<200% Federal Poverty Level
98296,568,765,1333,183,101,284,13,32,21,All
98297,,,,,,,,,,200%+ Federal Poverty Level
98297,,,,,,,,,,<200% Federal Poverty Level
98297,,,,,,,,,,All
98303,,,15,,,15,,,100,200%+ Federal Poverty Level
98303,,,,,,,,,,<200% Federal Poverty Level
98303,,,17,,,17,,,100,All
98304,,,,,,,,,,200%+ Federal Poverty Level
98304,,,,,,,,,,<200% Federal Poverty Level
98304,,,,,,,,,,All
98305,10,12,,,,,,,,200%+ Federal Poverty Level
98305,,,,,,,,,,<200% Federal Poverty Level
98305,18,22,40,,,10,,,25,All
98310,194,255,449,61,16,77,6,31,17,200%+ Federal Poverty Level
98310,179,222,401,100,60,160,27,56,40,<200% Federal Poverty Level
98310,374,476,850,161,76,237,16,43,28,All
98311,367,485,852,115,43,158,9,31,19,200%+ Federal Poverty Level
98311,108,126,234,99,73,172,58,92,74,<200% Federal Poverty Level
98311,475,611,1086,214,116,330,19,45,30,All
98312,436,594,1030,99,47,146,8,23,14,200%+ Federal Poverty Level
98312,208,228,436,153,59,212,26,74,49,<200% Federal Poverty Level
98312,644,823,1467,252,106,358,13,39,24,All
98314,17,,20,17,,20,,100,100,200%+ Federal Poverty Level
98314,16,,22,16,,22,,100,100,<200% Federal Poverty Level
98314,33,,42,33,,42,,100,100,All
98315,117,153,270,17,,19,,15,7,200%+ Federal Poverty Level
98315,40,57,,,,,,,,<200% Federal Poverty Level
98315,157,210,367,23,,27,,15,7,All
98320,,,,,,,,,,200%+ Federal Poverty Level
98320,,,,,,,,,,<200% Federal Poverty Level
98320,,,,,,,,,,All
98321,252,337,589,74,33,107,10,29,18,200%+ Federal Poverty Level
98321,92,91,183,65,17,82,19,71,45,<200% Federal Poverty Level
98321,345,428,773,139,50,189,12,40,24,All
98323,,,,,,,,,,200%+ Federal Poverty Level
98323,,,,,,,,,,<200% Federal Poverty Level
98323,,,,,,,,,,All
98325,,12,20,,,10,,,50,200%+ Federal Poverty Level
98325,,,10,,,10,,,100,<200% Federal Poverty Level
98325,17,13,30,13,,20,,76,67,All
98326,,,,,,,,,,200%+ Federal Poverty Level
98326,,,,,,,,,,<200% Federal Poverty Level
98326,,,,,,,,,,All
98327,183,227,410,101,40,141,18,55,34,200%+ Federal Poverty Level
98327,38,52,,,,,,,,<200% Federal Poverty Level
98327,221,279,500,104,40,144,14,47,29,All
98328,134,180,314,40,20,60,11,30,19,200%+ Federal Poverty Level
98328,71,94,165,21,,28,,30,17,<200% Federal Poverty Level
98328,206,274,480,61,27,88,10,30,18,All
98329,139,193,332,14,,16,,10,5,200%+ Federal Poverty Level
98329,45,58,103,11,,11,,24,11,<200% Federal Poverty Level
98329,184,252,436,25,,27,,14,6,All
98330,,,,,,,,,,200%+ Federal Poverty Level
98330,,,,,,,,,,<200% Federal Poverty Level
98330,,,,,,,,,,All
98331,38,39,77,30,10,40,26,79,52,200%+ Federal Poverty Level
98331,99,88,187,91,,98,,92,52,<200% Federal Poverty Level
98331,137,127,264,121,17,138,13,88,52,All
98332,246,324,570,94,49,143,15,38,25,200%+ Federal Poverty Level
98332,30,44,74,15,11,26,25,50,35,<200% Federal Poverty Level
98332,276,367,643,109,60,169,16,39,26,All
98333,50,64,114,15,,17,,30,15,200%+ Federal Poverty Level
98333,26,11,37,26,11,37,100,100,100,<200% Federal Poverty Level
98333,76,75,151,41,13,54,17,54,36,All
98335,326,405,731,191,94,285,23,59,39,200%+ Federal Poverty Level
98335,83,68,151,63,22,85,32,76,56,<200% Federal Poverty Level
98335,409,473,882,254,116,370,25,62,42,All
98336,,,,,,,,,,200%+ Federal Poverty Level
98336,,,,,,,,,,<200% Federal Poverty Level
98336,,,,,,,,,,All
98337,54,63,117,26,11,37,17,48,32,200%+ Federal Poverty Level
98337,63,71,134,30,10,40,14,48,30,<200% Federal Poverty Level
98337,116,134,250,56,21,77,16,48,31,All
98338,410,536,946,127,22,149,4,31,16,200%+ Federal Poverty Level
98338,123,155,278,56,14,70,9,46,25,<200% Federal Poverty Level
98338,533,691,1224,183,36,219,5,34,18,All
98339,23,30,,,,,,,,200%+ Federal Poverty Level
98339,16,15,31,,,11,,,35,<200% Federal Poverty Level
98339,39,46,85,14,,18,,36,21,All
98340,,,,,,,,,,200%+ Federal Poverty Level
98340,17,22,,,,,,,,<200% Federal Poverty Level
98340,20,22,,,,,,,,All
98342,,,,,,,,,,200%+ Federal Poverty Level
98342,,,,,,,,,,<200% Federal Poverty Level
98342,10,14,,,,,,,,All
98345,,,,,,,,,,200%+ Federal Poverty Level
98345,,,,,,,,,,<200% Federal Poverty Level
98345,,,,,,,,,,All
98346,74,95,169,32,16,48,17,43,28,200%+ Federal Poverty Level
98346,41,41,82,33,29,62,71,80,76,<200% Federal Poverty Level
98346,114,136,250,65,45,110,33,57,44,All
98349,38,52,,,,,,,,200%+ Federal Poverty Level
98349,24,14,38,16,,16,,67,42,<200% Federal Poverty Level
98349,62,66,128,21,,21,,34,16,All
98350,21,12,33,21,10,31,83,100,94,200%+ Federal Poverty Level
98350,29,,37,29,,29,,100,78,<200% Federal Poverty Level
98350,50,19,69,50,10,60,53,100,87,All
98351,,,,,,,,,,200%+ Federal Poverty Level
98351,28,40,,,,,,,,<200% Federal Poverty Level
98351,33,47,,,,,,,,All
98353,,,,,,,,,,200%+ Federal Poverty Level
98353,,,,,,,,,,<200% Federal Poverty Level
98353,,,,,,,,,,All
98354,92,119,211,33,,42,,36,20,200%+ Federal Poverty Level
98354,39,52,91,16,,21,,41,23,<200% Federal Poverty Level
98354,131,171,302,49,14,63,8,37,21,All
98355,,,,,,,,,,200%+ Federal Poverty Level
98355,,,,,,,,,,<200% Federal Poverty Level
98355,,,,,,,,,,All
98356,50,19,69,50,,54,,100,78,200%+ Federal Poverty Level
98356,13,19,,,,,,,,<200% Federal Poverty Level
98356,63,38,101,53,,59,,84,58,All
98357,26,21,47,25,11,36,52,96,77,200%+ Federal Poverty Level
98357,54,32,86,47,,51,,87,59,<200% Federal Poverty Level
98357,81,53,134,72,15,87,28,89,65,All
98358,,,,,,,,,,200%+ Federal Poverty Level
98358,,,,,,,,,,<200% Federal Poverty Level
98358,,,,,,,,,,All
98359,62,75,137,29,,37,,47,27,200%+ Federal Poverty Level
98382,241,286,527,154,60,214,21,64,41,All
98359,26,34,60,11,,15,,42,25,<200% Federal Poverty Level
98359,87,110,197,40,12,52,11,46,26,All
98360,168,234,402,27,16,43,7,16,11,200%+ Federal Poverty Level
98360,57,65,122,44,15,59,23,77,48,<200% Federal Poverty Level
98360,225,298,523,71,31,102,10,32,20,All
98361,,,,,,,,,,200%+ Federal Poverty Level
98361,,,,,,,,,,<200% Federal Poverty Level
98361,,,,,,,,,,All
98362,214,264,478,127,63,190,24,59,40,200%+ Federal Poverty Level
98362,195,265,460,83,39,122,15,43,27,<200% Federal Poverty Level
98362,409,529,938,210,102,312,19,51,33,All
98363,122,156,278,58,27,85,17,48,31,200%+ Federal Poverty Level
98363,111,120,231,84,28,112,23,76,48,<200% Federal Poverty Level
98363,234,276,510,142,55,197,20,61,39,All
98364,,,,,,,,,,200%+ Federal Poverty Level
98364,,,,,,,,,,<200% Federal Poverty Level
98364,,,,,,,,,,All
98365,,,,,,,,,,200%+ Federal Poverty Level
98365,19,27,,,,,,,,<200% Federal Poverty Level
98365,21,29,,,,,,,,All
98366,422,567,989,116,52,168,9,27,17,200%+ Federal Poverty Level
98366,239,310,549,140,48,188,15,59,34,<200% Federal Poverty Level
98366,661,877,1538,256,100,356,11,39,23,All
98367,300,394,694,94,26,120,7,31,17,200%+ Federal Poverty Level
98367,103,134,237,41,12,53,9,40,22,<200% Federal Poverty Level
98367,403,529,932,135,38,173,7,33,19,All
98368,74,99,173,17,,22,,23,13,200%+ Federal Poverty Level
98368,72,96,168,26,15,41,16,36,24,<200% Federal Poverty Level
98368,146,195,341,43,20,63,10,29,18,All
98370,387,498,885,169,73,242,15,44,27,200%+ Federal Poverty Level
98370,112,107,219,86,51,137,48,77,63,<200% Federal Poverty Level
98370,499,605,1104,255,124,379,20,51,34,All
98371,247,303,550,130,38,168,13,53,31,200%+ Federal Poverty Level
98371,126,115,241,81,18,99,16,64,41,<200% Federal Poverty Level
98371,372,418,790,211,56,267,13,57,34,All
98372,369,466,835,184,78,262,17,50,31,200%+ Federal Poverty Level
98372,138,140,278,96,29,125,21,70,45,<200% Federal Poverty Level
98372,506,605,1111,280,107,387,18,55,35,All
98373,332,437,769,134,78,212,18,40,28,200%+ Federal Poverty Level
98373,161,205,366,97,46,143,22,60,39,<200% Federal Poverty Level
98373,492,642,1134,231,124,355,19,47,31,All
98374,564,744,1308,215,115,330,15,38,25,200%+ Federal Poverty Level
98374,204,280,484,118,71,189,25,58,39,<200% Federal Poverty Level
98374,768,1024,1792,333,186,519,18,43,29,All
98375,552,738,1290,158,71,229,10,29,18,200%+ Federal Poverty Level
98375,193,259,452,80,39,119,15,41,26,<200% Federal Poverty Level
98375,744,998,1742,238,110,348,11,32,20,All
98376,,,,,,,,,,200%+ Federal Poverty Level
98376,,,,,,,,,,<200% Federal Poverty Level
98376,,,,,,,,,,All
98377,41,13,54,41,,41,,100,76,200%+ Federal Poverty Level
98377,,,,,,,,,,<200% Federal Poverty Level
98377,41,13,54,41,,41,,100,76,All
98380,,,,,,,,,,200%+ Federal Poverty Level
98380,10,,,,,,,,,<200% Federal Poverty Level
98380,73,98,,,,,,,,All
98381,,,,,,,,,,200%+ Federal Poverty Level
98381,,,,,,,,,,<200% Federal Poverty Level
98381,,,,,,,,,,All
98382,151,191,342,77,41,118,21,51,35,200%+ Federal Poverty Level
98382,91,95,186,77,19,96,20,85,52,<200% Federal Poverty Level
98383,316,417,733,120,65,185,16,38,25,200%+ Federal Poverty Level
98383,109,129,238,59,18,77,14,54,32,<200% Federal Poverty Level
98383,425,546,971,179,83,262,15,42,27,All
98385,,,,,,,,,,200%+ Federal Poverty Level
98385,,,,,,,,,,<200% Federal Poverty Level
98385,,,,,,,,,,All
98387,670,886,1556,197,64,261,7,29,17,200%+ Federal Poverty Level
98387,326,399,725,159,64,223,16,49,31,<200% Federal Poverty Level
98387,996,1284,2280,356,128,484,10,36,21,All
98388,69,92,161,19,,26,,28,16,200%+ Federal Poverty Level
98388,27,31,58,16,,25,,59,43,<200% Federal Poverty Level
98388,97,123,220,35,16,51,13,36,23,All
98390,102,81,183,102,38,140,47,100,77,200%+ Federal Poverty Level
98390,97,131,228,45,16,61,12,46,27,<200% Federal Poverty Level
98390,199,212,411,147,54,201,25,74,49,All
98391,930,1257,2187,208,65,273,5,22,12,200%+ Federal Poverty Level
98391,197,238,435,118,44,162,18,60,37,<200% Federal Poverty Level
98391,1127,1495,2622,326,109,435,7,29,17,All
98392,39,55,,,,,,,,200%+ Federal Poverty Level
98392,25,34,59,,,10,,,17,<200% Federal Poverty Level
98392,64,89,153,10,,13,,16,9,All
98394,,,,,,,,,,200%+ Federal Poverty Level
98394,,,,,,,,,,<200% Federal Poverty Level
98394,,,,,,,,,,All
98396,,11,,,,,,,,200%+ Federal Poverty Level
98396,,,,,,,,,,<200% Federal Poverty Level
98396,,13,,,,,,,,All
98402,28,35,63,14,,21,,50,33,200%+ Federal Poverty Level
98402,45,26,71,37,,42,,82,59,<200% Federal Poverty Level
98402,73,61,134,51,12,63,20,70,47,All
98403,82,108,190,25,,34,,30,18,200%+ Federal Poverty Level
98403,21,21,42,15,,17,,71,40,<200% Federal Poverty Level
98403,102,129,231,40,11,51,9,39,22,All
98404,392,539,931,66,26,92,5,17,10,200%+ Federal Poverty Level
98404,372,474,846,160,72,232,15,43,27,<200% Federal Poverty Level
98404,764,1012,1776,226,98,324,10,30,18,All
98405,203,253,456,108,42,150,17,53,33,200%+ Federal Poverty Level
98405,188,245,433,104,45,149,18,55,34,<200% Federal Poverty Level
98405,391,498,889,212,87,299,17,54,34,All
98406,380,522,902,71,31,102,6,19,11,200%+ Federal Poverty Level
98406,105,87,192,75,32,107,37,71,56,<200% Federal Poverty Level
98406,485,608,1093,146,63,209,10,30,19,All
98407,289,383,672,102,48,150,13,35,22,200%+ Federal Poverty Level
98407,50,49,99,49,14,63,29,98,64,<200% Federal Poverty Level
98407,339,432,771,151,62,213,14,45,28,All
98408,201,259,460,70,16,86,6,35,19,200%+ Federal Poverty Level
98408,224,291,515,98,48,146,16,44,28,<200% Federal Poverty Level
98408,425,551,976,168,64,232,12,40,24,All
98409,275,347,622,122,41,163,12,44,26,200%+ Federal Poverty Level
98409,274,259,533,251,89,340,34,92,64,<200% Federal Poverty Level
98409,549,605,1154,373,130,503,21,68,44,All
98416,,,,,,,,,,200%+ Federal Poverty Level
98416,,,,,,,,,,<200% Federal Poverty Level
98416,,,,,,,,,,All
98418,73,89,162,25,,32,,34,20,200%+ Federal Poverty Level
98418,50,59,109,35,21,56,36,70,51,<200% Federal Poverty Level
98418,124,148,272,60,28,88,19,48,32,All
98421,72,35,107,72,35,107,100,100,100,200%+ Federal Poverty Level
98421,89,29,118,89,29,118,100,100,100,<200% Federal Poverty Level
99330,,,,,,,,,,All
98421,161,64,225,161,64,225,100,100,100,All
98422,300,401,701,82,34,116,8,27,17,200%+ Federal Poverty Level
98422,94,110,204,71,51,122,46,76,60,<200% Federal Poverty Level
98422,393,511,904,153,85,238,17,39,26,All
98424,181,244,425,46,17,63,7,25,15,200%+ Federal Poverty Level
98424,93,125,218,33,,38,,35,17,<200% Federal Poverty Level
98424,274,369,643,79,22,101,6,29,16,All
98430,,,18,,,18,,,100,200%+ Federal Poverty Level
98430,,,,,,,,,,<200% Federal Poverty Level
98430,12,10,22,12,10,22,100,100,100,All
98433,423,418,841,360,195,555,47,85,66,200%+ Federal Poverty Level
98433,240,282,522,86,18,104,6,36,20,<200% Federal Poverty Level
98433,662,700,1362,446,213,659,30,67,48,All
98438,16,13,29,16,13,29,100,100,100,200%+ Federal Poverty Level
98438,11,,13,11,,13,,100,100,<200% Federal Poverty Level
98438,27,15,42,27,15,42,100,100,100,All
98439,155,159,314,143,59,202,37,92,64,200%+ Federal Poverty Level
98439,113,107,220,98,29,127,27,87,58,<200% Federal Poverty Level
98439,268,266,534,241,88,329,33,90,62,All
98443,77,97,174,33,10,43,10,43,25,200%+ Federal Poverty Level
98443,43,18,61,43,18,61,100,100,100,<200% Federal Poverty Level
98443,120,115,235,76,28,104,24,63,44,All
98444,331,401,732,134,42,176,10,40,24,200%+ Federal Poverty Level
98444,412,511,923,227,62,289,12,55,31,<200% Federal Poverty Level
98444,743,912,1655,361,104,465,11,49,28,All
98445,429,578,1007,106,46,152,8,25,15,200%+ Federal Poverty Level
98445,280,306,586,193,43,236,14,69,40,<200% Federal Poverty Level
98445,710,884,1594,299,89,388,10,42,24,All
98446,153,169,322,124,46,170,27,81,53,200%+ Federal Poverty Level
98446,98,49,147,93,32,125,65,95,85,<200% Federal Poverty Level
98446,252,218,470,217,78,295,36,86,63,All
98447,,,,,,,,,,200%+ Federal Poverty Level
98447,,,,,,,,,,<200% Federal Poverty Level
98447,,,,,,,,,,All
98465,92,122,214,38,20,58,16,41,27,200%+ Federal Poverty Level
98465,123,173,296,47,21,68,12,38,23,<200% Federal Poverty Level
98465,215,295,510,85,41,126,14,40,25,All
98466,363,481,844,105,31,136,6,29,16,200%+ Federal Poverty Level
98466,256,339,595,131,51,182,15,51,31,<200% Federal Poverty Level
98466,619,820,1439,236,82,318,10,38,22,All
98467,230,305,535,91,54,145,18,40,27,200%+ Federal Poverty Level
98467,103,117,220,71,32,103,27,69,47,<200% Federal Poverty Level
98467,333,422,755,162,86,248,20,49,33,All
98498,379,485,864,154,53,207,11,41,24,200%+ Federal Poverty Level
98498,183,230,413,116,61,177,27,63,43,<200% Federal Poverty Level
98498,561,715,1276,270,114,384,16,48,30,All
98499,306,357,663,195,52,247,15,64,37,200%+ Federal Poverty Level
98499,448,541,989,315,123,438,23,70,44,<200% Federal Poverty Level
98499,754,898,1652,510,175,685,19,68,41,All
98501,522,636,1158,335,146,481,23,64,42,200%+ Federal Poverty Level
98501,199,252,451,150,113,263,45,75,58,<200% Federal Poverty Level
98501,721,888,1609,485,259,744,29,67,46,All
98502,294,369,663,162,78,240,21,55,36,200%+ Federal Poverty Level
98502,167,220,387,73,46,119,21,44,31,<200% Federal Poverty Level
98502,461,589,1050,235,124,359,21,51,34,All
98503,474,618,1092,200,105,305,17,42,28,200%+ Federal Poverty Level
98580,424,315,739,422,203,625,64,100,85,All
98503,259,335,594,162,95,257,28,63,43,<200% Federal Poverty Level
98503,733,953,1686,362,200,562,21,49,33,All
98506,184,174,358,177,44,221,25,96,62,200%+ Federal Poverty Level
98506,78,81,159,74,47,121,58,95,76,<200% Federal Poverty Level
98506,261,255,516,251,91,342,36,96,66,All
98512,333,407,740,223,114,337,28,67,46,200%+ Federal Poverty Level
98512,134,182,316,61,52,113,29,46,36,<200% Federal Poverty Level
98512,467,589,1056,284,166,450,28,61,43,All
98513,439,583,1022,147,72,219,12,33,21,200%+ Federal Poverty Level
98513,149,191,340,65,36,101,19,44,30,<200% Federal Poverty Level
98513,588,775,1363,212,108,320,14,36,23,All
98516,481,565,1046,311,154,465,27,65,44,200%+ Federal Poverty Level
98516,129,170,299,84,54,138,32,65,46,<200% Federal Poverty Level
98516,610,735,1345,395,208,603,28,65,45,All
98520,223,284,507,90,25,115,9,40,23,200%+ Federal Poverty Level
98520,276,332,608,192,62,254,19,70,42,<200% Federal Poverty Level
98520,500,615,1115,282,87,369,14,56,33,All
98524,38,54,,,,,,,,200%+ Federal Poverty Level
98524,,,,,,,,,,<200% Federal Poverty Level
98524,40,58,,,,,,,,All
98526,,,,,,,,,,200%+ Federal Poverty Level
98526,12,,14,12,,12,,100,86,<200% Federal Poverty Level
98526,17,,24,14,,14,,82,58,All
98527,,,,,,,,,,200%+ Federal Poverty Level
98527,27,,29,27,,29,,100,100,<200% Federal Poverty Level
98527,35,,41,34,,36,,97,88,All
98528,98,115,213,61,26,87,23,62,41,200%+ Federal Poverty Level
98528,84,88,172,48,,54,,57,31,<200% Federal Poverty Level
98528,183,203,386,109,32,141,16,60,37,All
98530,,,,,,,,,,200%+ Federal Poverty Level
98530,,,,,,,,,,<200% Federal Poverty Level
98530,,,,,,,,,,All
98531,226,260,486,155,46,201,18,69,41,200%+ Federal Poverty Level
98531,372,295,667,340,91,431,31,91,65,<200% Federal Poverty Level
98531,598,555,1153,495,137,632,25,83,55,All
98532,253,324,577,106,42,148,13,42,26,200%+ Federal Poverty Level
98532,188,244,432,109,37,146,15,58,34,<200% Federal Poverty Level
98532,441,568,1009,215,79,294,14,49,29,All
98533,,,,,,,,,,200%+ Federal Poverty Level
98533,,,,,,,,,,<200% Federal Poverty Level
98533,,,,,,,,,,All
98535,,,,,,,,,,200%+ Federal Poverty Level
98535,,,,,,,,,,<200% Federal Poverty Level
98535,,,,,,,,,,All
98536,,,,,,,,,,200%+ Federal Poverty Level
98536,,,,,,,,,,<200% Federal Poverty Level
98536,,,,,,,,,,All
98537,23,31,,,,,,,,200%+ Federal Poverty Level
98537,17,17,34,11,,17,,65,50,<200% Federal Poverty Level
98537,40,48,88,17,,25,,43,28,All
98538,,,,,,,,,,200%+ Federal Poverty Level
98538,,,,,,,,,,<200% Federal Poverty Level
98538,,,,,,,,,,All
98541,64,82,146,30,15,45,18,47,31,200%+ Federal Poverty Level
98541,124,112,236,72,16,88,14,58,37,<200% Federal Poverty Level
98541,188,195,383,102,31,133,16,54,35,All
98542,,,,,,,,,,200%+ Federal Poverty Level
98542,,,,,,,,,,<200% Federal Poverty Level
98542,,,,,,,,,,All
98544,,,,,,,,,,200%+ Federal Poverty Level
98544,,,,,,,,,,<200% Federal Poverty Level
98544,,,,,,,,,,All
98546,,13,,,,,,,,200%+ Federal Poverty Level
98546,,,,,,,,,,<200% Federal Poverty Level
98546,24,34,,,,,,,,All
98547,25,14,39,25,14,39,100,100,100,200%+ Federal Poverty Level
98547,11,,16,11,,14,,100,88,<200% Federal Poverty Level
98547,36,19,55,36,17,53,89,100,96,All
98548,,,,,,,,,,200%+ Federal Poverty Level
98548,,,,,,,,,,<200% Federal Poverty Level
98548,,,,,,,,,,All
98550,83,97,180,52,14,66,14,63,37,200%+ Federal Poverty Level
98550,140,95,235,135,36,171,38,96,73,<200% Federal Poverty Level
98550,223,192,415,187,50,237,26,84,57,All
98552,,,,,,,,,,200%+ Federal Poverty Level
98552,,,,,,,,,,<200% Federal Poverty Level
98552,11,15,,,,,,,,All
98555,,,,,,,,,,200%+ Federal Poverty Level
98555,,,,,,,,,,<200% Federal Poverty Level
98555,,,,,,,,,,All
98557,,,,,,,,,,200%+ Federal Poverty Level
98557,28,39,,,,,,,,<200% Federal Poverty Level
98557,59,83,,,,,,,,All
98558,,,,,,,,,,200%+ Federal Poverty Level
98558,,,,,,,,,,<200% Federal Poverty Level
98558,,,,,,,,,,All
98559,,,,,,,,,,200%+ Federal Poverty Level
98559,,,,,,,,,,<200% Federal Poverty Level
98559,,,,,,,,,,All
98560,,,,,,,,,,200%+ Federal Poverty Level
98560,,,,,,,,,,<200% Federal Poverty Level
98560,,,,,,,,,,All
98562,,,,,,,,,,200%+ Federal Poverty Level
98562,,,,,,,,,,<200% Federal Poverty Level
98562,,,,,,,,,,All
98563,23,27,50,18,,26,,78,52,200%+ Federal Poverty Level
98563,49,65,114,15,,17,,31,15,<200% Federal Poverty Level
98563,72,92,164,33,10,43,11,46,26,All
98564,,,,,,,,,,200%+ Federal Poverty Level
98564,,,,,,,,,,<200% Federal Poverty Level
98564,,,,,,,,,,All
98565,12,15,,,,,,,,200%+ Federal Poverty Level
98565,,,,,,,,,,<200% Federal Poverty Level
98565,31,42,,,,,,,,All
98568,31,24,55,31,16,47,67,100,85,200%+ Federal Poverty Level
98568,55,41,96,45,18,63,44,82,66,<200% Federal Poverty Level
98568,86,65,151,76,34,110,52,88,73,All
98569,23,15,38,23,,30,,100,79,200%+ Federal Poverty Level
98569,37,51,88,10,,19,,27,22,<200% Federal Poverty Level
98569,61,65,126,33,16,49,25,54,39,All
98570,46,63,,,,,,,,200%+ Federal Poverty Level
98570,33,17,50,27,,27,,82,54,<200% Federal Poverty Level
98570,79,80,159,31,,31,,39,19,All
98571,,,,,,,,,,200%+ Federal Poverty Level
98571,,,,,,,,,,<200% Federal Poverty Level
98571,,,,,,,,,,All
98572,,,,,,,,,,200%+ Federal Poverty Level
98572,,,,,,,,,,<200% Federal Poverty Level
98572,13,13,,,,,,,,All
98575,,,,,,,,,,200%+ Federal Poverty Level
98575,,,,,,,,,,<200% Federal Poverty Level
98575,,,,,,,,,,All
98576,55,67,122,33,14,47,21,60,39,200%+ Federal Poverty Level
98576,50,58,108,39,,47,,78,44,<200% Federal Poverty Level
98576,105,125,230,72,22,94,18,69,41,All
98577,87,79,166,84,,91,,97,55,200%+ Federal Poverty Level
98577,53,71,124,33,,35,,62,28,<200% Federal Poverty Level
98577,140,151,291,117,,126,,84,43,All
98579,187,255,442,41,17,58,7,22,13,200%+ Federal Poverty Level
98579,76,84,160,30,,33,,39,21,<200% Federal Poverty Level
98579,264,338,602,71,20,91,6,27,15,All
98580,312,209,521,312,152,464,73,100,89,200%+ Federal Poverty Level
98580,112,105,217,110,51,161,49,98,74,<200% Federal Poverty Level
98581,,,,,,,,,,200%+ Federal Poverty Level
98581,,,,,,,,,,<200% Federal Poverty Level
98581,,,,,,,,,,All
98582,,,,,,,,,,200%+ Federal Poverty Level
98582,,,,,,,,,,<200% Federal Poverty Level
98582,,,,,,,,,,All
98583,,,,,,,,,,200%+ Federal Poverty Level
98583,,,,,,,,,,<200% Federal Poverty Level
98583,,,,,,,,,,All
98584,375,503,878,95,33,128,7,25,15,200%+ Federal Poverty Level
98584,328,398,726,204,38,242,10,62,33,<200% Federal Poverty Level
98584,704,901,1605,299,71,370,8,42,23,All
98585,,,,,,,,,,200%+ Federal Poverty Level
98585,,,,,,,,,,<200% Federal Poverty Level
98585,27,33,,,,,,,,All
98586,28,19,47,26,,27,,93,57,200%+ Federal Poverty Level
98586,45,40,85,42,,43,,93,51,<200% Federal Poverty Level
98586,73,59,132,68,,70,,93,53,All
98587,,,,,,,,,,200%+ Federal Poverty Level
98587,,,,,,,,,,<200% Federal Poverty Level
98587,,,,,,,,,,All
98588,,,,,,,,,,200%+ Federal Poverty Level
98588,,,,,,,,,,<200% Federal Poverty Level
98588,,,,,,,,,,All
98589,81,110,191,18,,26,,22,14,200%+ Federal Poverty Level
98589,46,65,111,14,,20,,30,18,<200% Federal Poverty Level
98589,127,175,302,32,14,46,8,25,15,All
98590,,,,,,,,,,200%+ Federal Poverty Level
98590,,,,,,,,,,<200% Federal Poverty Level
98590,,,,,,,,,,All
98591,33,45,,,,,,,,200%+ Federal Poverty Level
98591,30,,33,30,,32,,100,97,<200% Federal Poverty Level
98591,63,49,112,36,,40,,57,36,All
98592,,,,,,,,,,200%+ Federal Poverty Level
98592,,,,,,,,,,<200% Federal Poverty Level
98592,14,10,,,,,,,,All
98593,,,,,,,,,,200%+ Federal Poverty Level
98593,,,,,,,,,,<200% Federal Poverty Level
98593,,,,,,,,,,All
98595,,,,,,,,,,200%+ Federal Poverty Level
98595,21,27,48,11,,11,,52,23,<200% Federal Poverty Level
98595,27,35,62,13,,13,,48,21,All
98596,69,94,163,14,,20,,20,12,200%+ Federal Poverty Level
98596,47,55,102,28,,30,,60,29,<200% Federal Poverty Level
98596,117,149,266,42,,50,,36,19,All
98597,351,460,811,128,55,183,12,36,23,200%+ Federal Poverty Level
98597,181,242,423,50,27,77,11,28,18,<200% Federal Poverty Level
98597,532,702,1234,178,82,260,12,33,21,All
98601,,,,,,,,,,200%+ Federal Poverty Level
98601,,,,,,,,,,<200% Federal Poverty Level
98601,,,,,,,,,,All
98602,,,,,,,,,,200%+ Federal Poverty Level
98602,,,,,,,,,,<200% Federal Poverty Level
98602,,,,,,,,,,All
98603,,,,,,,,,,200%+ Federal Poverty Level
98603,,,,,,,,,,<200% Federal Poverty Level
98603,,,,,,,,,,All
98604,502,683,1185,104,39,143,6,21,12,200%+ Federal Poverty Level
98604,171,196,367,87,12,99,6,51,27,<200% Federal Poverty Level
98604,673,879,1552,191,51,242,6,28,16,All
98605,10,12,,,,,,,,200%+ Federal Poverty Level
98605,,,,,,,,,,<200% Federal Poverty Level
98605,19,19,38,11,,13,,58,34,All
98606,111,133,244,73,30,103,23,66,42,200%+ Federal Poverty Level
98606,27,22,49,22,14,36,64,81,73,<200% Federal Poverty Level
98606,137,155,292,95,44,139,28,69,48,All
98607,469,603,1072,191,65,256,11,41,24,200%+ Federal Poverty Level
98607,73,71,144,59,18,77,25,81,53,<200% Federal Poverty Level
98607,542,674,1216,250,83,333,12,46,27,All
98610,33,39,72,22,,30,,67,42,200%+ Federal Poverty Level
98610,60,61,121,45,,51,,75,42,<200% Federal Poverty Level
98610,93,100,193,67,14,81,14,72,42,All
98611,92,122,214,28,13,41,11,30,19,200%+ Federal Poverty Level
98611,50,27,77,46,,49,,92,64,<200% Federal Poverty Level
98611,143,150,293,74,16,90,11,52,31,All
98612,23,32,,,,,,,,200%+ Federal Poverty Level
98612,24,10,34,21,,21,,88,62,<200% Federal Poverty Level
98612,47,42,89,25,,25,,53,28,All
98613,,,,,,,,,,200%+ Federal Poverty Level
98613,,,,,,,,,,<200% Federal Poverty Level
98613,,,,,,,,,,All
98614,,,,,,,,,,200%+ Federal Poverty Level
98614,,,,,,,,,,<200% Federal Poverty Level
98614,,,,,,,,,,All
98616,,,,,,,,,,200%+ Federal Poverty Level
98616,,,,,,,,,,<200% Federal Poverty Level
98616,,,,,,,,,,All
98617,,,,,,,,,,200%+ Federal Poverty Level
98617,,,,,,,,,,<200% Federal Poverty Level
98617,,,,,,,,,,All
98619,,,,,,,,,,200%+ Federal Poverty Level
98619,,,,,,,,,,<200% Federal Poverty Level
98619,,,,,,,,,,All
98620,34,46,,,,,,,,200%+ Federal Poverty Level
98620,79,84,163,64,,64,,81,39,<200% Federal Poverty Level
98620,113,130,243,70,,70,,62,29,All
98621,,,,,,,,,,200%+ Federal Poverty Level
98621,,,,,,,,,,<200% Federal Poverty Level
98621,,,,,,,,,,All
98624,21,24,45,12,,14,,57,31,200%+ Federal Poverty Level
98624,15,,20,14,,15,,93,75,<200% Federal Poverty Level
98624,36,29,65,26,,29,,72,45,All
98625,56,80,,,,,,,,200%+ Federal Poverty Level
98625,23,35,,,,,,,,<200% Federal Poverty Level
98625,79,115,,,,,,,,All
98626,178,211,389,116,45,161,21,65,41,200%+ Federal Poverty Level
98626,285,339,624,190,70,260,21,67,42,<200% Federal Poverty Level
98626,463,550,1013,306,115,421,21,66,42,All
98628,,,,,,,,,,200%+ Federal Poverty Level
98628,,,,,,,,,,<200% Federal Poverty Level
98628,,,,,,,,,,All
98629,91,130,,,,,,,,200%+ Federal Poverty Level
98629,19,26,,,,,,,,<200% Federal Poverty Level
98629,110,156,,,,,,,,All
98631,23,29,52,15,10,25,34,65,48,200%+ Federal Poverty Level
98631,46,18,64,46,,55,,100,86,<200% Federal Poverty Level
98631,69,47,116,61,19,80,40,88,69,All
98632,488,559,1047,361,112,473,20,74,45,200%+ Federal Poverty Level
98632,561,632,1193,414,177,591,28,74,50,<200% Federal Poverty Level
98632,1049,1190,2239,775,289,1064,24,74,48,All
98635,18,24,,,,,,,,200%+ Federal Poverty Level
98635,20,21,41,12,,12,,60,29,<200% Federal Poverty Level
98635,38,46,84,13,,13,,34,15,All
98638,,,,,,,,,,200%+ Federal Poverty Level
98638,,,,,,,,,,<200% Federal Poverty Level
98638,,,,,,,,,,All
98639,,,,,,,,,,200%+ Federal Poverty Level
98639,,,,,,,,,,<200% Federal Poverty Level
98639,,,,,,,,,,All
98640,,,,,,,,,,200%+ Federal Poverty Level
98640,,,,,,,,,,<200% Federal Poverty Level
98640,20,25,,,,,,,,All
98641,,,,,,,,,,200%+ Federal Poverty Level
98641,,,,,,,,,,<200% Federal Poverty Level
98641,,,,,,,,,,All
98642,282,382,664,66,22,88,6,23,13,200%+ Federal Poverty Level
98642,56,76,132,17,,25,,30,19,<200% Federal Poverty Level
98642,338,458,796,83,30,113,7,25,14,All
98643,,,,,,,,,,200%+ Federal Poverty Level
98643,,,,,,,,,,<200% Federal Poverty Level
98643,,,,,,,,,,All
98644,11,13,,,,,,,,200%+ Federal Poverty Level
98644,,,,,,,,,,<200% Federal Poverty Level
98644,12,13,,,,,,,,All
98645,35,50,,,,,,,,200%+ Federal Poverty Level
98645,,,,,,,,,,<200% Federal Poverty Level
98645,39,55,,,,,,,,All
98647,,,,,,,,,,200%+ Federal Poverty Level
98647,,,,,,,,,,<200% Federal Poverty Level
98647,,,,,,,,,,All
98648,11,11,22,,,13,,,59,200%+ Federal Poverty Level
98648,24,26,50,16,,17,,67,34,<200% Federal Poverty Level
98648,36,37,73,24,,30,,67,41,All
98649,,,,,,,,,,200%+ Federal Poverty Level
98649,,,,,,,,,,<200% Federal Poverty Level
98649,,,,,,,,,,All
98650,,,,,,,,,,200%+ Federal Poverty Level
98650,,,,,,,,,,<200% Federal Poverty Level
98650,13,17,,,,,,,,All
98651,,12,,,,,,,,200%+ Federal Poverty Level
98651,,,,,,,,,,<200% Federal Poverty Level
98651,10,12,,,,,,,,All
98660,145,181,326,81,41,122,23,56,37,200%+ Federal Poverty Level
98660,121,105,226,108,38,146,36,89,65,<200% Federal Poverty Level
98660,266,287,553,189,79,268,28,71,48,All
98661,496,628,1124,215,70,285,11,43,25,200%+ Federal Poverty Level
98661,584,725,1309,323,86,409,12,55,31,<200% Federal Poverty Level
98661,1080,1353,2433,538,156,694,12,50,29,All
98662,357,449,806,164,53,217,12,46,27,200%+ Federal Poverty Level
98662,238,268,506,146,63,209,24,61,41,<200% Federal Poverty Level
98662,594,717,1311,310,116,426,16,52,32,All
98663,168,215,383,68,24,92,11,40,24,200%+ Federal Poverty Level
98663,135,117,252,100,33,133,28,74,53,<200% Federal Poverty Level
98663,303,333,636,168,57,225,17,55,35,All
98664,244,297,541,149,58,207,20,61,38,200%+ Federal Poverty Level
98664,193,242,435,111,49,160,20,58,37,<200% Federal Poverty Level
98664,437,539,976,260,107,367,20,59,38,All
98665,315,392,707,157,55,212,14,50,30,200%+ Federal Poverty Level
98665,223,280,503,121,55,176,20,54,35,<200% Federal Poverty Level
98665,538,672,1210,278,110,388,16,52,32,All
98670,,,,,,,,,,200%+ Federal Poverty Level
98670,,,,,,,,,,<200% Federal Poverty Level
98670,,,,,,,,,,All
98671,287,372,659,95,17,112,5,33,17,200%+ Federal Poverty Level
98671,99,137,236,41,16,57,12,41,24,<200% Federal Poverty Level
98671,386,509,895,136,33,169,6,35,19,All
98672,68,96,,,,,,,,200%+ Federal Poverty Level
98672,31,23,54,23,,30,,74,56,<200% Federal Poverty Level
98672,99,119,218,29,10,39,8,29,18,All
98673,,,,,,,,,,200%+ Federal Poverty Level
98673,,,,,,,,,,<200% Federal Poverty Level
98673,,,,,,,,,,All
98674,156,207,363,47,22,69,11,30,19,200%+ Federal Poverty Level
98674,83,77,160,47,15,62,19,57,39,<200% Federal Poverty Level
98674,239,285,524,94,37,131,13,39,25,All
98675,133,191,,,,,,,,200%+ Federal Poverty Level
98675,33,37,70,15,,15,,45,21,<200% Federal Poverty Level
98675,166,228,394,16,,16,,10,4,All
98682,776,1053,1829,183,87,270,8,24,15,200%+ Federal Poverty Level
98682,393,523,916,175,62,237,12,45,26,<200% Federal Poverty Level
98682,1169,1576,2745,358,149,507,9,31,18,All
98683,355,453,808,183,96,279,21,52,35,200%+ Federal Poverty Level
98683,200,200,400,180,81,261,41,90,65,<200% Federal Poverty Level
98683,555,653,1208,363,177,540,27,65,45,All
98684,355,465,820,126,47,173,10,35,21,200%+ Federal Poverty Level
98684,176,193,369,150,57,207,30,85,56,<200% Federal Poverty Level
98684,531,658,1189,276,104,380,16,52,32,All
98685,374,499,873,116,59,175,12,31,20,200%+ Federal Poverty Level
98685,99,116,215,70,48,118,41,71,55,<200% Federal Poverty Level
98685,472,615,1087,186,107,293,17,39,27,All
98686,286,368,654,134,66,200,18,47,31,200%+ Federal Poverty Level
98686,97,94,191,79,26,105,28,81,55,<200% Federal Poverty Level
98686,382,462,844,213,92,305,20,56,36,All
98801,479,583,1062,281,111,392,19,59,37,200%+ Federal Poverty Level
98801,470,581,1051,293,149,442,26,62,42,<200% Federal Poverty Level
98801,949,1164,2113,574,260,834,22,60,39,All
98802,326,403,729,179,76,255,19,55,35,200%+ Federal Poverty Level
98802,311,409,720,157,66,223,16,50,31,<200% Federal Poverty Level
98802,637,812,1449,336,142,478,17,53,33,All
98811,,,,,,,,,,200%+ Federal Poverty Level
98811,,,,,,,,,,<200% Federal Poverty Level
98811,,,,,,,,,,All
98812,48,46,94,39,21,60,46,81,64,200%+ Federal Poverty Level
98812,101,137,238,60,47,107,34,59,45,<200% Federal Poverty Level
98812,149,183,332,99,68,167,37,66,50,All
98813,71,41,112,71,30,101,73,100,90,200%+ Federal Poverty Level
98813,77,100,177,50,27,77,27,65,44,<200% Federal Poverty Level
98813,148,141,289,121,57,178,40,82,62,All
98814,,,,,,,,,,200%+ Federal Poverty Level
98814,,,,,,,,,,<200% Federal Poverty Level
98814,,,,,,,,,,All
98815,68,91,159,12,,13,,18,8,200%+ Federal Poverty Level
98815,71,94,165,24,,26,,34,16,<200% Federal Poverty Level
98815,139,186,325,36,,39,,26,12,All
98816,24,24,48,19,,24,,79,50,200%+ Federal Poverty Level
98816,57,43,100,52,23,75,53,91,75,<200% Federal Poverty Level
98816,81,68,149,71,28,99,41,88,66,All
98817,,,,,,,,,,200%+ Federal Poverty Level
98817,,,,,,,,,,<200% Federal Poverty Level
98817,,,,,,,,,,All
98819,,,,,,,,,,200%+ Federal Poverty Level
98819,,,,,,,,,,<200% Federal Poverty Level
98819,,,,,,,,,,All
98821,,,,,,,,,,200%+ Federal Poverty Level
98821,,,,,,,,,,<200% Federal Poverty Level
98821,,,,,,,,,,All
98822,,,,,,,,,,200%+ Federal Poverty Level
98822,,,,,,,,,,<200% Federal Poverty Level
98822,16,12,28,12,,17,,75,61,All
98823,140,187,327,36,12,48,6,26,15,200%+ Federal Poverty Level
98823,183,175,358,97,38,135,22,53,38,<200% Federal Poverty Level
98823,323,362,685,133,50,183,14,41,27,All
98824,,,,,,,,,,200%+ Federal Poverty Level
98824,,,,,,,,,,<200% Federal Poverty Level
98824,,,,,,,,,,All
98826,119,164,283,21,10,31,6,18,11,200%+ Federal Poverty Level
98826,33,48,81,11,,12,,33,15,<200% Federal Poverty Level
98826,152,211,363,32,11,43,5,21,12,All
98827,,,,,,,,,,200%+ Federal Poverty Level
98827,,,,,,,,,,<200% Federal Poverty Level
98827,,,,,,,,,,All
98828,24,16,40,18,,22,,75,55,200%+ Federal Poverty Level
98828,14,,16,14,,16,,100,100,<200% Federal Poverty Level
98828,38,18,56,32,,38,,84,68,All
98829,,,,,,,,,,200%+ Federal Poverty Level
98829,,,,,,,,,,<200% Federal Poverty Level
98829,11,15,,,,,,,,All
98830,,,,,,,,,,200%+ Federal Poverty Level
98830,,,,,,,,,,<200% Federal Poverty Level
98830,,10,,,,,,,,All
98831,19,26,,,,,,,,200%+ Federal Poverty Level
98831,25,17,42,25,11,36,65,100,86,<200% Federal Poverty Level
98831,45,43,88,29,12,41,28,64,47,All
98832,,,,,,,,,,200%+ Federal Poverty Level
98832,,,,,,,,,,<200% Federal Poverty Level
98832,,,,,,,,,,All
98833,,,,,,,,,,200%+ Federal Poverty Level
98833,,,,,,,,,,<200% Federal Poverty Level
98833,,,,,,,,,,All
98834,,,,,,,,,,200%+ Federal Poverty Level
98834,,,,,,,,,,<200% Federal Poverty Level
98834,,,,,,,,,,All
98836,,,,,,,,,,200%+ Federal Poverty Level
98836,,,,,,,,,,<200% Federal Poverty Level
98836,,,,,,,,,,All
98837,538,689,1227,235,103,338,15,44,28,200%+ Federal Poverty Level
98837,514,583,1097,373,171,544,29,73,50,<200% Federal Poverty Level
98837,1052,1272,2324,608,274,882,22,58,38,All
98840,44,49,93,15,,17,,34,18,200%+ Federal Poverty Level
98840,68,69,137,48,20,68,29,71,50,<200% Federal Poverty Level
98840,112,117,229,63,22,85,19,56,37,All
98841,71,56,127,59,,68,,83,54,200%+ Federal Poverty Level
98841,196,224,420,130,17,147,8,66,35,<200% Federal Poverty Level
98841,267,281,548,189,26,215,9,71,39,All
98843,14,11,25,12,,12,,86,48,200%+ Federal Poverty Level
98843,14,20,34,,,13,,,38,<200% Federal Poverty Level
98843,28,31,59,19,,25,,68,42,All
98844,25,32,57,,,10,,,18,200%+ Federal Poverty Level
98844,41,42,83,32,,39,,78,47,<200% Federal Poverty Level
98844,66,73,139,39,10,49,14,59,35,All
98845,,,,,,,,,,200%+ Federal Poverty Level
98845,,,,,,,,,,<200% Federal Poverty Level
98845,,,,,,,,,,All
98846,13,17,,,,,,,,200%+ Federal Poverty Level
98846,,,,,,,,,,<200% Federal Poverty Level
98846,25,34,,,,,,,,All
98847,54,35,89,42,,43,,78,48,200%+ Federal Poverty Level
98847,40,53,93,23,,24,,58,26,<200% Federal Poverty Level
98847,94,87,181,65,,67,,69,37,All
98848,169,218,387,65,24,89,11,38,23,200%+ Federal Poverty Level
98848,159,194,353,136,97,233,50,86,66,<200% Federal Poverty Level
98848,328,412,740,201,121,322,29,61,44,All
98849,,,,,,,,,,200%+ Federal Poverty Level
98849,28,40,,,,,,,,<200% Federal Poverty Level
98849,35,49,,,,,,,,All
98850,19,25,,,,,,,,200%+ Federal Poverty Level
98850,23,31,,,,,,,,<200% Federal Poverty Level
98850,42,56,98,13,,13,,31,13,All
98851,45,66,111,,,11,,,10,200%+ Federal Poverty Level
98851,39,40,79,24,,29,,62,37,<200% Federal Poverty Level
98851,84,106,190,28,12,40,11,33,21,All
98852,,,,,,,,,,200%+ Federal Poverty Level
98852,,,,,,,,,,<200% Federal Poverty Level
98852,,,,,,,,,,All
98853,,,,,,,,,,200%+ Federal Poverty Level
98853,,,,,,,,,,<200% Federal Poverty Level
98853,,,,,,,,,,All
98855,28,38,,,,,,,,200%+ Federal Poverty Level
98855,45,40,85,32,,39,,71,46,<200% Federal Poverty Level
98855,73,78,151,36,,43,,49,28,All
98856,18,14,32,18,,25,,100,78,200%+ Federal Poverty Level
98856,15,19,,,,,,,,<200% Federal Poverty Level
98856,33,33,66,22,,30,,67,45,All
98857,23,29,,,,,,,,200%+ Federal Poverty Level
98857,62,59,121,35,,35,,56,29,<200% Federal Poverty Level
98857,85,88,173,40,,40,,47,23,All
98858,15,17,32,,,14,,,44,200%+ Federal Poverty Level
98858,17,21,,,,,,,,<200% Federal Poverty Level
98858,32,38,70,15,,21,,47,30,All
98859,,,,,,,,,,200%+ Federal Poverty Level
98859,,,,,,,,,,<200% Federal Poverty Level
98859,,,,,,,,,,All
98860,,,,,,,,,,200%+ Federal Poverty Level
98860,,,,,,,,,,<200% Federal Poverty Level
98860,,,,,,,,,,All
98862,40,35,75,40,23,63,66,100,84,200%+ Federal Poverty Level
98862,19,,28,19,,23,,100,82,<200% Federal Poverty Level
98862,59,44,103,59,27,86,61,100,83,All
98901,236,236,472,226,65,291,28,96,62,200%+ Federal Poverty Level
98901,675,799,1474,477,175,652,22,71,44,<200% Federal Poverty Level
98901,910,1035,1945,703,240,943,23,77,48,All
98902,389,485,874,181,54,235,11,47,27,200%+ Federal Poverty Level
98902,829,1107,1936,402,177,579,16,48,30,<200% Federal Poverty Level
98902,1219,1592,2811,583,231,814,15,48,29,All
98903,172,192,364,123,36,159,19,72,44,200%+ Federal Poverty Level
98903,216,273,489,185,129,314,47,86,64,<200% Federal Poverty Level
98903,388,465,853,308,165,473,35,79,55,All
98908,455,575,1030,185,45,230,8,41,22,200%+ Federal Poverty Level
98908,246,229,475,186,83,269,36,76,57,<200% Federal Poverty Level
98908,701,803,1504,371,128,499,16,53,33,All
98921,,,,,,,,,,200%+ Federal Poverty Level
98921,,,,,,,,,,<200% Federal Poverty Level
98921,,,,,,,,,,All
98922,19,26,,,,,,,,200%+ Federal Poverty Level
98922,47,50,97,21,,21,,45,22,<200% Federal Poverty Level
98922,66,76,142,24,,24,,36,17,All
98923,,,,,,,,,,200%+ Federal Poverty Level
98923,,,,,,,,,,<200% Federal Poverty Level
98923,,,,,,,,,,All
98925,,,,,,,,,,200%+ Federal Poverty Level
98925,,,,,,,,,,<200% Federal Poverty Level
98925,,,,,,,,,,All
98926,332,434,766,131,70,201,16,39,26,200%+ Federal Poverty Level
98926,136,196,332,46,30,76,15,34,23,<200% Federal Poverty Level
98926,468,630,1098,177,100,277,16,38,25,All
98929,,,,,,,,,,200%+ Federal Poverty Level
98929,,,,,,,,,,<200% Federal Poverty Level
98929,,,,,,,,,,All
98930,180,237,417,64,31,95,13,36,23,200%+ Federal Poverty Level
98930,307,417,724,144,72,216,17,47,30,<200% Federal Poverty Level
98930,487,654,1141,208,103,311,16,43,27,All
98932,65,83,148,25,10,35,12,38,24,200%+ Federal Poverty Level
98932,159,149,308,83,,92,,52,30,<200% Federal Poverty Level
98932,225,232,457,108,19,127,8,48,28,All
98933,15,,24,15,,21,,100,88,200%+ Federal Poverty Level
98933,15,11,26,14,,15,,93,58,<200% Federal Poverty Level
98933,30,20,50,29,,36,,97,72,All
98934,,,,,,,,,,200%+ Federal Poverty Level
98934,,,,,,,,,,<200% Federal Poverty Level
98934,,,,,,,,,,All
98935,64,41,105,64,30,94,73,100,90,200%+ Federal Poverty Level
98935,104,77,181,80,34,114,44,77,63,<200% Federal Poverty Level
98935,168,117,285,144,64,208,55,86,73,All
99036,15,20,,,,,,,,All
98936,106,130,236,44,,47,,42,20,200%+ Federal Poverty Level
98936,63,45,108,45,11,56,24,71,52,<200% Federal Poverty Level
98936,169,175,344,89,14,103,8,53,30,All
98937,30,41,,,,,,,,200%+ Federal Poverty Level
98937,35,28,63,22,,23,,63,37,<200% Federal Poverty Level
98937,65,69,134,25,,26,,38,19,All
98938,32,42,74,10,,15,,31,20,200%+ Federal Poverty Level
98938,66,95,161,25,16,41,17,38,25,<200% Federal Poverty Level
98938,99,137,236,35,21,56,15,35,24,All
98939,,,,,,,,,,200%+ Federal Poverty Level
98939,,,,,,,,,,<200% Federal Poverty Level
98939,,,,,,,,,,All
98940,,,,,,,,,,200%+ Federal Poverty Level
98940,,,,,,,,,,<200% Federal Poverty Level
98940,,,,,,,,,,All
98941,,,,,,,,,,200%+ Federal Poverty Level
98941,,,,,,,,,,<200% Federal Poverty Level
98941,11,,,,,,,,,All
98942,243,299,542,122,34,156,11,50,29,200%+ Federal Poverty Level
98942,188,191,379,142,48,190,25,76,50,<200% Federal Poverty Level
98942,431,489,920,264,82,346,17,61,38,All
98943,,,,,,,,,,200%+ Federal Poverty Level
98943,,,,,,,,,,<200% Federal Poverty Level
98943,,,,,,,,,,All
98944,170,182,352,152,71,223,39,89,63,200%+ Federal Poverty Level
98944,648,860,1508,317,113,430,13,49,29,<200% Federal Poverty Level
98944,818,1042,1860,469,184,653,18,57,35,All
98946,,,,,,,,,,200%+ Federal Poverty Level
98946,,,,,,,,,,<200% Federal Poverty Level
98946,,,,,,,,,,All
98947,12,15,,,,,,,,200%+ Federal Poverty Level
98947,48,61,109,20,,25,,42,23,<200% Federal Poverty Level
98947,60,76,136,24,,31,,40,23,All
98948,128,131,259,103,41,144,31,80,56,200%+ Federal Poverty Level
98948,377,370,747,260,72,332,19,69,44,<200% Federal Poverty Level
98948,505,501,1006,363,113,476,23,72,47,All
98950,,,,,,,,,,200%+ Federal Poverty Level
98950,,,,,,,,,,<200% Federal Poverty Level
98950,,,,,,,,,,All
98951,147,194,341,39,10,49,5,27,14,200%+ Federal Poverty Level
98951,307,248,555,259,33,292,13,84,53,<200% Federal Poverty Level
98951,454,442,896,298,43,341,10,66,38,All
98952,13,17,,,,,,,,200%+ Federal Poverty Level
98952,74,40,114,59,,59,,80,52,<200% Federal Poverty Level
98952,87,57,144,63,,63,,72,44,All
98953,48,63,111,14,,17,,29,15,200%+ Federal Poverty Level
98953,123,169,292,47,,56,,38,19,<200% Federal Poverty Level
98953,172,232,404,61,12,73,5,35,18,All
99001,46,56,102,21,,24,,46,24,200%+ Federal Poverty Level
99001,46,59,105,16,,23,,35,22,<200% Federal Poverty Level
99001,92,115,207,37,10,47,9,40,23,All
99003,19,23,42,10,,19,,53,45,200%+ Federal Poverty Level
99003,39,15,54,39,,40,,100,74,<200% Federal Poverty Level
99003,58,37,95,49,10,59,27,84,62,All
99004,229,269,498,147,37,184,14,64,37,200%+ Federal Poverty Level
99004,141,116,257,127,37,164,32,90,64,<200% Federal Poverty Level
99004,370,384,754,274,74,348,19,74,46,All
99005,89,112,201,42,14,56,13,47,28,200%+ Federal Poverty Level
99005,18,17,35,16,,19,,89,54,<200% Federal Poverty Level
99005,107,130,237,58,17,75,13,54,32,All
99006,125,151,276,52,17,69,11,42,25,200%+ Federal Poverty Level
99006,123,84,207,91,10,101,12,74,49,<200% Federal Poverty Level
99006,248,234,482,143,27,170,12,58,35,All
99008,,,,,,,,,,200%+ Federal Poverty Level
99008,,,,,,,,,,<200% Federal Poverty Level
99008,,,,,,,,,,All
99009,15,19,,,,,,,,200%+ Federal Poverty Level
99009,,,,,,,,,,<200% Federal Poverty Level
99009,34,46,,,,,,,,All
99011,65,91,,,,,,,,200%+ Federal Poverty Level
99011,40,58,,,,,,,,<200% Federal Poverty Level
99011,105,149,254,11,,13,,10,5,All
99012,,,,,,,,,,200%+ Federal Poverty Level
99012,,,,,,,,,,<200% Federal Poverty Level
99012,,,,,,,,,,All
99013,,,,,,,,,,200%+ Federal Poverty Level
99013,11,13,,,,,,,,<200% Federal Poverty Level
99013,15,20,,,,,,,,All
99016,191,253,444,51,12,63,5,27,14,200%+ Federal Poverty Level
99016,120,125,245,93,19,112,15,78,46,<200% Federal Poverty Level
99016,312,379,691,144,31,175,8,46,25,All
99017,,,,,,,,,,200%+ Federal Poverty Level
99017,,,,,,,,,,<200% Federal Poverty Level
99017,,,,,,,,,,All
99018,,,,,,,,,,200%+ Federal Poverty Level
99018,,,,,,,,,,<200% Federal Poverty Level
99018,,,,,,,,,,All
99019,199,266,465,61,30,91,11,31,20,200%+ Federal Poverty Level
99019,47,67,114,12,,20,,26,18,<200% Federal Poverty Level
99019,246,333,579,73,38,111,11,30,19,All
99020,,,,,,,,,,200%+ Federal Poverty Level
99020,,,,,,,,,,<200% Federal Poverty Level
99020,,,,,,,,,,All
99021,79,101,180,39,20,59,20,49,33,200%+ Federal Poverty Level
99021,57,64,121,47,22,69,34,82,57,<200% Federal Poverty Level
99021,135,166,301,86,42,128,25,64,43,All
99022,91,90,181,70,17,87,19,77,48,200%+ Federal Poverty Level
99022,72,102,174,18,15,33,15,25,19,<200% Federal Poverty Level
99022,163,192,355,88,32,120,17,54,34,All
99023,,,,,,,,,,200%+ Federal Poverty Level
99023,,,,,,,,,,<200% Federal Poverty Level
99023,,,,,,,,,,All
99025,43,57,100,10,,11,,23,11,200%+ Federal Poverty Level
99025,31,25,56,29,,31,,94,55,<200% Federal Poverty Level
99025,74,82,156,39,,42,,53,27,All
99026,39,49,88,17,,21,,44,24,200%+ Federal Poverty Level
99026,11,13,,,,,,,,<200% Federal Poverty Level
99026,50,62,112,22,,26,,44,23,All
99027,70,82,152,43,14,57,17,61,38,200%+ Federal Poverty Level
99027,51,28,79,39,,45,,76,57,<200% Federal Poverty Level
99027,121,109,230,82,20,102,18,68,44,All
99029,29,,34,29,,30,,100,88,200%+ Federal Poverty Level
99029,,,,,,,,,,<200% Federal Poverty Level
99029,32,10,42,29,,30,,91,71,All
99030,,,,,,,,,,200%+ Federal Poverty Level
99030,,,,,,,,,,<200% Federal Poverty Level
99030,,,,,,,,,,All
99031,,,,,,,,,,200%+ Federal Poverty Level
99031,,,,,,,,,,<200% Federal Poverty Level
99031,,,,,,,,,,All
99032,,,,,,,,,,200%+ Federal Poverty Level
99032,,,,,,,,,,<200% Federal Poverty Level
99032,,,,,,,,,,All
99033,10,14,,,,,,,,200%+ Federal Poverty Level
99033,10,,,,,,,,,<200% Federal Poverty Level
99033,20,20,,,,,,,,All
99034,,,,,,,,,,200%+ Federal Poverty Level
99034,,,,,,,,,,<200% Federal Poverty Level
99034,,,,,,,,,,All
99036,,11,,,,,,,,200%+ Federal Poverty Level
99036,,,,,,,,,,<200% Federal Poverty Level
99037,140,188,328,50,31,81,16,36,25,200%+ Federal Poverty Level
99037,151,125,276,141,38,179,30,93,65,<200% Federal Poverty Level
99037,291,312,603,191,69,260,22,66,43,All
99039,,,,,,,,,,200%+ Federal Poverty Level
99039,,,,,,,,,,<200% Federal Poverty Level
99039,,,,,,,,,,All
99040,15,12,27,15,,20,,100,74,200%+ Federal Poverty Level
99040,73,10,83,73,,82,,100,99,<200% Federal Poverty Level
99040,88,22,110,88,14,102,64,100,93,All
99101,,,,,,,,,,200%+ Federal Poverty Level
99101,,,,,,,,,,<200% Federal Poverty Level
99101,,,,,,,,,,All
99102,,,,,,,,,,200%+ Federal Poverty Level
99102,,,,,,,,,,<200% Federal Poverty Level
99102,,,,,,,,,,All
99103,,,,,,,,,,200%+ Federal Poverty Level
99103,,,,,,,,,,<200% Federal Poverty Level
99103,,,,,,,,,,All
99105,,,,,,,,,,200%+ Federal Poverty Level
99105,,,,,,,,,,<200% Federal Poverty Level
99105,,,,,,,,,,All
99109,29,38,67,,,11,,,16,200%+ Federal Poverty Level
99109,39,48,87,21,,22,,54,25,<200% Federal Poverty Level
99109,68,86,154,29,,33,,43,21,All
99110,,,,,,,,,,200%+ Federal Poverty Level
99110,,,,,,,,,,<200% Federal Poverty Level
99110,,,,,,,,,,All
99111,27,37,,,,,,,,200%+ Federal Poverty Level
99111,20,11,31,17,,17,,85,55,<200% Federal Poverty Level
99111,47,48,95,20,,20,,43,21,All
99113,,,,,,,,,,200%+ Federal Poverty Level
99113,,,,,,,,,,<200% Federal Poverty Level
99113,,,,,,,,,,All
99114,129,157,286,61,,69,,47,24,200%+ Federal Poverty Level
99114,106,102,208,64,10,74,10,60,36,<200% Federal Poverty Level
99114,235,259,494,125,18,143,7,53,29,All
99115,,,,,,,,,,200%+ Federal Poverty Level
99115,,,,,,,,,,<200% Federal Poverty Level
99115,,,,,,,,,,All
99116,14,19,,,,,,,,200%+ Federal Poverty Level
99116,,12,,,,,,,,<200% Federal Poverty Level
99116,23,31,,,,,,,,All
99117,,,,,,,,,,200%+ Federal Poverty Level
99117,,,,,,,,,,<200% Federal Poverty Level
99117,,,,,,,,,,All
99118,,,,,,,,,,200%+ Federal Poverty Level
99118,,,,,,,,,,<200% Federal Poverty Level
99118,14,10,,,,,,,,All
99119,,,,,,,,,,200%+ Federal Poverty Level
99119,,,,,,,,,,<200% Federal Poverty Level
99119,12,13,,,,,,,,All
99121,,,,,,,,,,200%+ Federal Poverty Level
99121,,,,,,,,,,<200% Federal Poverty Level
99121,,,,,,,,,,All
99122,42,59,,,,,,,,200%+ Federal Poverty Level
99122,27,27,54,16,,16,,59,30,<200% Federal Poverty Level
99122,69,86,155,18,,18,,26,12,All
99123,,,,,,,,,,200%+ Federal Poverty Level
99123,,,,,,,,,,<200% Federal Poverty Level
99123,,,,,,,,,,All
99124,,,,,,,,,,200%+ Federal Poverty Level
99124,,,,,,,,,,<200% Federal Poverty Level
99124,,,,,,,,,,All
99125,,,,,,,,,,200%+ Federal Poverty Level
99125,,,,,,,,,,<200% Federal Poverty Level
99125,11,10,,,,,,,,All
99126,,,,,,,,,,200%+ Federal Poverty Level
99126,,,,,,,,,,<200% Federal Poverty Level
99126,,,,,,,,,,All
99128,,,,,,,,,,200%+ Federal Poverty Level
99128,,,,,,,,,,<200% Federal Poverty Level
99128,10,10,,,,,,,,All
99129,,,,,,,,,,200%+ Federal Poverty Level
99129,,,,,,,,,,<200% Federal Poverty Level
99129,,11,,,,,,,,All
99130,,,,,,,,,,200%+ Federal Poverty Level
99130,13,11,,,,,,,,<200% Federal Poverty Level
99130,18,17,,,,,,,,All
99131,,,,,,,,,,200%+ Federal Poverty Level
99131,,,,,,,,,,<200% Federal Poverty Level
99131,,,,,,,,,,All
99133,,,,,,,,,,200%+ Federal Poverty Level
99133,,,,,,,,,,<200% Federal Poverty Level
99133,,11,,,,,,,,All
99134,,,,,,,,,,200%+ Federal Poverty Level
99134,,,,,,,,,,<200% Federal Poverty Level
99134,,,,,,,,,,All
99135,,,,,,,,,,200%+ Federal Poverty Level
99135,,,,,,,,,,<200% Federal Poverty Level
99135,,,,,,,,,,All
99136,,,,,,,,,,200%+ Federal Poverty Level
99136,,,,,,,,,,<200% Federal Poverty Level
99136,,,,,,,,,,All
99137,,,,,,,,,,200%+ Federal Poverty Level
99137,,,,,,,,,,<200% Federal Poverty Level
99137,,,,,,,,,,All
99138,,,,,,,,,,200%+ Federal Poverty Level
99138,19,16,35,16,,16,,84,46,<200% Federal Poverty Level
99138,23,20,43,17,,17,,74,40,All
99139,,,,,,,,,,200%+ Federal Poverty Level
99139,,,,,,,,,,<200% Federal Poverty Level
99139,,,,,,,,,,All
99140,,,,,,,,,,200%+ Federal Poverty Level
99140,,,,,,,,,,<200% Federal Poverty Level
99140,,,,,,,,,,All
99141,25,34,,,,,,,,200%+ Federal Poverty Level
99141,42,30,72,30,,31,,71,43,<200% Federal Poverty Level
99141,67,64,131,32,,33,,48,25,All
99143,,,,,,,,,,200%+ Federal Poverty Level
99143,,,,,,,,,,<200% Federal Poverty Level
99143,,,,,,,,,,All
99144,,,,,,,,,,200%+ Federal Poverty Level
99144,,,,,,,,,,<200% Federal Poverty Level
99144,,,,,,,,,,All
99146,,,,,,,,,,200%+ Federal Poverty Level
99146,,,,,,,,,,<200% Federal Poverty Level
99146,,,,,,,,,,All
99147,,,,,,,,,,200%+ Federal Poverty Level
99147,,,,,,,,,,<200% Federal Poverty Level
99147,,,,,,,,,,All
99148,,11,,,,,,,,200%+ Federal Poverty Level
99148,10,,,,,,,,,<200% Federal Poverty Level
99148,18,15,,,,,,,,All
99149,,,,,,,,,,200%+ Federal Poverty Level
99149,,,,,,,,,,<200% Federal Poverty Level
99149,,,,,,,,,,All
99150,,,,,,,,,,200%+ Federal Poverty Level
99150,,,,,,,,,,<200% Federal Poverty Level
99150,,,,,,,,,,All
99151,,,,,,,,,,200%+ Federal Poverty Level
99151,,,,,,,,,,<200% Federal Poverty Level
99151,,,,,,,,,,All
99152,,,,,,,,,,200%+ Federal Poverty Level
99152,,,,,,,,,,<200% Federal Poverty Level
99152,,,,,,,,,,All
99153,,,,,,,,,,200%+ Federal Poverty Level
99153,,,,,,,,,,<200% Federal Poverty Level
99153,,,,,,,,,,All
99154,,,,,,,,,,200%+ Federal Poverty Level
99154,,,,,,,,,,<200% Federal Poverty Level
99154,,,,,,,,,,All
99155,42,19,61,42,19,61,100,100,100,200%+ Federal Poverty Level
99155,69,18,87,69,,75,,100,86,<200% Federal Poverty Level
99155,111,37,148,111,25,136,68,100,92,All
99156,47,66,,,,,,,,200%+ Federal Poverty Level
99156,76,105,181,33,,33,,43,18,<200% Federal Poverty Level
99156,123,172,295,35,,35,,28,12,All
99157,,,,,,,,,,200%+ Federal Poverty Level
99157,12,13,,,,,,,,<200% Federal Poverty Level
99158,10,10,20,,,10,,,50,200%+ Federal Poverty Level
99158,,,,,,,,,,<200% Federal Poverty Level
99158,12,12,24,,,10,,,42,All
99159,,,,,,,,,,200%+ Federal Poverty Level
99159,,,,,,,,,,<200% Federal Poverty Level
99159,,,,,,,,,,All
99160,,,,,,,,,,200%+ Federal Poverty Level
99160,,,,,,,,,,<200% Federal Poverty Level
99160,,,,,,,,,,All
99161,,,,,,,,,,200%+ Federal Poverty Level
99161,,,,,,,,,,<200% Federal Poverty Level
99161,16,16,,,,,,,,All
99163,297,339,636,211,108,319,32,71,50,200%+ Federal Poverty Level
99163,198,216,414,123,35,158,16,62,38,<200% Federal Poverty Level
99163,495,555,1050,334,143,477,26,67,45,All
99164,,,,,,,,,,200%+ Federal Poverty Level
99164,,,,,,,,,,<200% Federal Poverty Level
99164,,,,,,,,,,All
99166,12,14,,,,,,,,200%+ Federal Poverty Level
99166,28,34,62,14,,16,,50,26,<200% Federal Poverty Level
99166,40,48,88,18,,20,,45,23,All
99167,,,,,,,,,,200%+ Federal Poverty Level
99167,,,,,,,,,,<200% Federal Poverty Level
99167,,,,,,,,,,All
99169,20,28,,,,,,,,200%+ Federal Poverty Level
99169,23,29,,,,,,,,<200% Federal Poverty Level
99169,43,57,100,10,,10,,23,10,All
99170,,11,20,,,12,,,60,200%+ Federal Poverty Level
99170,13,,20,11,,13,,85,65,<200% Federal Poverty Level
99170,22,19,41,18,,25,,82,61,All
99171,,,,,,,,,,200%+ Federal Poverty Level
99171,,,,,,,,,,<200% Federal Poverty Level
99171,,,,,,,,,,All
99173,14,20,,,,,,,,200%+ Federal Poverty Level
99173,12,15,,,,,,,,<200% Federal Poverty Level
99173,26,35,,,,,,,,All
99174,,,,,,,,,,200%+ Federal Poverty Level
99174,,,,,,,,,,<200% Federal Poverty Level
99174,,,,,,,,,,All
99176,,,,,,,,,,200%+ Federal Poverty Level
99176,,,,,,,,,,<200% Federal Poverty Level
99176,,,,,,,,,,All
99179,42,38,80,40,22,62,58,95,78,200%+ Federal Poverty Level
99179,18,21,39,18,21,39,100,100,100,<200% Federal Poverty Level
99179,60,59,119,58,43,101,73,97,85,All
99180,25,36,,,,,,,,200%+ Federal Poverty Level
99180,,,,,,,,,,<200% Federal Poverty Level
99180,33,38,71,,,10,,,14,All
99181,,,,,,,,,,200%+ Federal Poverty Level
99181,22,,24,22,,22,,100,92,<200% Federal Poverty Level
99181,27,,34,25,,25,,93,74,All
99185,15,15,30,11,,18,,73,60,200%+ Federal Poverty Level
99185,,,,,,,,,,<200% Federal Poverty Level
99185,21,24,45,12,,20,,57,44,All
99201,125,74,199,125,49,174,66,100,87,200%+ Federal Poverty Level
99201,99,112,211,98,64,162,57,99,77,<200% Federal Poverty Level
99201,224,186,410,223,113,336,61,100,82,All
99202,187,186,373,170,61,231,33,91,62,200%+ Federal Poverty Level
99202,247,296,543,194,122,316,41,79,58,<200% Federal Poverty Level
99202,434,481,915,364,183,547,38,84,60,All
99203,280,371,651,81,29,110,8,29,17,200%+ Federal Poverty Level
99203,93,81,174,66,37,103,46,71,59,<200% Federal Poverty Level
99203,373,453,826,147,66,213,15,39,26,All
99204,46,51,97,28,11,39,22,61,40,200%+ Federal Poverty Level
99204,72,97,169,25,21,46,22,35,27,<200% Federal Poverty Level
99204,118,147,265,53,32,85,22,45,32,All
99333,,,,,,,,,,200%+ Federal Poverty Level
99205,454,563,1017,233,84,317,15,51,31,200%+ Federal Poverty Level
99205,441,578,1019,253,169,422,29,57,41,<200% Federal Poverty Level
99205,895,1141,2036,486,253,739,22,54,36,All
99206,424,547,971,175,66,241,12,41,25,200%+ Federal Poverty Level
99206,347,440,787,209,119,328,27,60,42,<200% Federal Poverty Level
99206,772,987,1759,384,185,569,19,50,32,All
99207,174,178,352,156,45,201,25,90,57,200%+ Federal Poverty Level
99207,439,582,1021,248,133,381,23,56,37,<200% Federal Poverty Level
99207,613,760,1373,404,178,582,23,66,42,All
99208,538,695,1233,195,54,249,8,36,20,200%+ Federal Poverty Level
99208,381,488,869,236,149,385,31,62,44,<200% Federal Poverty Level
99208,920,1182,2102,431,203,634,17,47,30,All
99212,263,340,603,104,48,152,14,40,25,200%+ Federal Poverty Level
99212,231,207,438,195,91,286,44,84,65,<200% Federal Poverty Level
99212,495,547,1042,299,139,438,25,60,42,All
99216,251,305,556,123,49,172,16,49,31,200%+ Federal Poverty Level
99216,313,339,652,225,76,301,22,72,46,<200% Federal Poverty Level
99216,564,644,1208,348,125,473,19,62,39,All
99217,260,312,572,149,40,189,13,57,33,200%+ Federal Poverty Level
99217,248,197,445,231,129,360,65,93,81,<200% Federal Poverty Level
99217,508,509,1017,380,169,549,33,75,54,All
99218,169,227,396,40,10,50,4,24,13,200%+ Federal Poverty Level
99218,154,218,372,51,43,94,20,33,25,<200% Federal Poverty Level
99218,323,445,768,91,53,144,12,28,19,All
99223,406,518,924,177,65,242,13,44,26,200%+ Federal Poverty Level
99223,181,241,422,91,63,154,26,50,36,<200% Federal Poverty Level
99223,587,759,1346,268,128,396,17,46,29,All
99224,356,382,738,304,95,399,25,85,54,200%+ Federal Poverty Level
99224,237,278,515,165,141,306,51,70,59,<200% Federal Poverty Level
99224,593,661,1254,469,236,705,36,79,56,All
99301,1094,1395,2489,467,168,635,12,43,26,200%+ Federal Poverty Level
99301,1239,1465,2704,877,262,1139,18,71,42,<200% Federal Poverty Level
99301,2334,2860,5194,1344,430,1774,15,58,34,All
99320,94,122,216,23,,27,,24,13,200%+ Federal Poverty Level
99320,113,122,235,72,39,111,32,64,47,<200% Federal Poverty Level
99320,207,244,451,95,43,138,18,46,31,All
99321,,,,,,,,,,200%+ Federal Poverty Level
99321,,,,,,,,,,<200% Federal Poverty Level
99321,,,,,,,,,,All
99322,,,,,,,,,,200%+ Federal Poverty Level
99322,,,,,,,,,,<200% Federal Poverty Level
99322,,,,,,,,,,All
99323,31,31,62,17,,22,,55,35,200%+ Federal Poverty Level
99323,27,15,42,19,,22,,70,52,<200% Federal Poverty Level
99323,58,46,104,36,,44,,62,42,All
99324,75,103,178,12,,16,,16,9,200%+ Federal Poverty Level
99324,52,62,114,30,,34,,58,30,<200% Federal Poverty Level
99324,127,165,292,42,,50,,33,17,All
99326,61,23,84,61,,67,,100,80,200%+ Federal Poverty Level
99326,88,107,195,46,,47,,52,24,<200% Federal Poverty Level
99326,149,130,279,107,,114,,72,41,All
99328,38,49,87,10,,10,,26,11,200%+ Federal Poverty Level
99328,22,16,38,15,,15,,68,39,<200% Federal Poverty Level
99328,60,65,125,25,,25,,42,20,All
99329,,,,,,,,,,200%+ Federal Poverty Level
99329,,,,,,,,,,<200% Federal Poverty Level
99329,,,,,,,,,,All
99330,,,,,,,,,,200%+ Federal Poverty Level
99330,,,,,,,,,,<200% Federal Poverty Level
99333,,,,,,,,,,<200% Federal Poverty Level
99333,,,,,,,,,,All
99335,,,,,,,,,,200%+ Federal Poverty Level
99335,,,,,,,,,,<200% Federal Poverty Level
99335,,,,,,,,,,All
99336,513,693,1206,113,37,150,5,22,12,200%+ Federal Poverty Level
99336,798,1072,1870,307,97,404,9,38,22,<200% Federal Poverty Level
99336,1311,1765,3076,420,134,554,8,32,18,All
99337,363,487,850,87,27,114,6,24,13,200%+ Federal Poverty Level
99337,270,272,542,198,54,252,20,73,46,<200% Federal Poverty Level
99337,633,758,1391,285,81,366,11,45,26,All
99338,276,386,662,32,12,44,3,12,7,200%+ Federal Poverty Level
99338,42,18,60,42,17,59,94,100,98,<200% Federal Poverty Level
99338,318,404,722,74,29,103,7,23,14,All
99341,,,,,,,,,,200%+ Federal Poverty Level
99341,15,19,34,11,,11,,73,32,<200% Federal Poverty Level
99341,21,27,48,12,,12,,57,25,All
99343,47,61,108,10,,12,,21,11,200%+ Federal Poverty Level
99343,89,70,159,50,,55,,56,35,<200% Federal Poverty Level
99343,136,131,267,60,,67,,44,25,All
99344,121,145,266,76,26,102,18,63,38,200%+ Federal Poverty Level
99344,436,567,1003,204,75,279,13,47,28,<200% Federal Poverty Level
99344,557,712,1269,280,101,381,14,50,30,All
99345,,,,,,,,,,200%+ Federal Poverty Level
99345,,,,,,,,,,<200% Federal Poverty Level
99345,,,,,,,,,,All
99346,,,,,,,,,,200%+ Federal Poverty Level
99346,,,,,,,,,,<200% Federal Poverty Level
99346,,,,,,,,,,All
99347,,,,,,,,,,200%+ Federal Poverty Level
99347,,,,,,,,,,<200% Federal Poverty Level
99347,,,,,,,,,,All
99348,19,17,36,18,,27,,95,75,200%+ Federal Poverty Level
99348,37,52,89,19,,27,,51,30,<200% Federal Poverty Level
99348,56,69,125,37,17,54,25,66,43,All
99349,79,81,160,60,12,72,15,76,45,200%+ Federal Poverty Level
99349,198,177,375,173,69,242,39,87,65,<200% Federal Poverty Level
99349,276,258,534,233,81,314,31,84,59,All
99350,140,172,312,83,39,122,23,59,39,200%+ Federal Poverty Level
99350,116,68,184,109,45,154,66,94,84,<200% Federal Poverty Level
99350,256,240,496,192,84,276,35,75,56,All
99352,461,621,1082,109,37,146,6,24,13,200%+ Federal Poverty Level
99352,225,219,444,158,34,192,16,70,43,<200% Federal Poverty Level
99352,686,839,1525,267,71,338,8,39,22,All
99353,262,364,626,39,21,60,6,15,10,200%+ Federal Poverty Level
99353,58,74,132,31,14,45,19,53,34,<200% Federal Poverty Level
99353,320,438,758,70,35,105,8,22,14,All
99354,309,374,683,182,63,245,17,59,36,200%+ Federal Poverty Level
99354,204,261,465,115,31,146,12,56,31,<200% Federal Poverty Level
99354,513,635,1148,297,94,391,15,58,34,All
99356,,,,,,,,,,200%+ Federal Poverty Level
99356,,,,,,,,,,<200% Federal Poverty Level
99356,,,,,,,,,,All
99357,87,74,161,80,38,118,51,92,73,200%+ Federal Poverty Level
99357,93,92,185,68,24,92,26,73,50,<200% Federal Poverty Level
99357,180,165,345,148,62,210,38,82,61,All
99359,,,,,,,,,,200%+ Federal Poverty Level
99359,,,,,,,,,,<200% Federal Poverty Level
99359,,,,,,,,,,All
99360,17,23,,,,,,,,200%+ Federal Poverty Level
99360,21,,29,17,,17,,81,59,<200% Federal Poverty Level
99360,38,31,69,20,,20,,53,29,All
99361,36,15,51,36,,37,,100,73,200%+ Federal Poverty Level
99361,14,19,,,,,,,,<200% Federal Poverty Level
99361,50,35,85,37,,38,,74,45,All
99362,496,622,1118,225,67,292,11,45,26,200%+ Federal Poverty Level
99362,418,334,752,327,67,394,20,78,52,<200% Federal Poverty Level
99362,914,956,1870,552,134,686,14,60,37,All
99363,,,,,,,,,,200%+ Federal Poverty Level
99363,,,,,,,,,,<200% Federal Poverty Level
99363,,,,,,,,,,All
99371,,,,,,,,,,200%+ Federal Poverty Level
99371,,,,,,,,,,<200% Federal Poverty Level
99371,,,,,,,,,,All
99401,,,,,,,,,,200%+ Federal Poverty Level
99401,,,,,,,,,,<200% Federal Poverty Level
99401,,,,,,,,,,All
99402,,,,,,,,,,200%+ Federal Poverty Level
99402,,,,,,,,,,<200% Federal Poverty Level
99402,,,,,,,,,,All
99403,231,219,450,188,38,226,17,81,50,200%+ Federal Poverty Level
99403,146,215,361,62,75,137,35,42,38,<200% Federal Poverty Level
99403,377,434,811,250,113,363,26,66,45,All
